,date,status,id,text,photo
0,4 dÃ©c 2019 - 6 dÃ©c 2019,Inactive,IDÂ : 426282154914266,"Sans les ğŸ, 30% des lÃ©gumes ğŸŒ½ et fruits ğŸ pourraient disparaÃ®tre ğŸ˜±  Le projet de DÃ©FI pour offrir aux abeilles de nouveaux espaces Ã  butiner  ğŸ‘‡",https://scontent-bru2-1.xx.fbcdn.net/v/t39.16868-6/s600x600/79177306_426282198247595_1611417617166237696_n.jpg?_nc_cat=100&_nc_ohc=h56gmrxPGjUAX9AwzRY&_nc_ht=scontent-bru2-1.xx&_nc_tp=1002&oh=cd1810a54f34f5820c8db0e093f58393&oe=5ED47788
1,4 dÃ©c 2019 - 6 dÃ©c 2019,Inactive,IDÂ : 1479407112235245,"Sans les ğŸ, 30% des lÃ©gumes ğŸŒ½ et fruits ğŸ pourraient disparaÃ®tre ğŸ˜±  Le projet de DÃ©FI pour offrir aux abeilles de nouveaux espaces Ã  butiner  ğŸ‘‡",https://scontent-bru2-1.xx.fbcdn.net/v/t39.16868-6/s600x600/80163581_1479407138901909_8683994770919391232_n.jpg?_nc_cat=102&_nc_ohc=vTwCwlCCS_QAX_rTraE&_nc_ht=scontent-bru2-1.xx&_nc_tp=1002&oh=55be36ef959709c75c604caa7c41ad20&oe=5E9E44D4
2,3 dÃ©c 2019 - 5 dÃ©c 2019,Inactive,IDÂ : 622497021823614,ğŸ¥ Petit retour en images sur le CongrÃ¨s de dimanche ğŸ—³ et l'Ã©lection de FranÃ§ois De Smet Ã  la prÃ©sidence de DÃ©FI ! â˜º,
3,20 dÃ©c 2019 - 24 dÃ©c 2019,Inactive,IDÂ : 2403754909879522,"ğŸ¶ğŸ± Pensez aux animaux si vous prÃ©voyez un feu d'artifice ğŸ‰ pour les fÃªtes ! ğŸ„ ğŸ¤«ğŸŠ PrivilÃ©giez des feux d'artifice Ã  bruit contenu, plus d'infos ğŸ‘‡",https://scontent-bru2-1.xx.fbcdn.net/v/t39.16868-6/s600x600/80634861_2403754936546186_7111809773036634112_n.jpg?_nc_cat=106&_nc_ohc=hUuiA-1jp2oAX92SkUv&_nc_ht=scontent-bru2-1.xx&_nc_tp=1002&oh=9e73b600cbb431b737d2e556ddbd5d8b&oe=5E9E70A4
4,20 dÃ©c 2019 - 24 dÃ©c 2019,Inactive,IDÂ : 1065521517113324,"ğŸ¶ğŸ± Pensez aux animaux si vous prÃ©voyez un feu d'artifice ğŸ‰ pour les fÃªtes ! ğŸ„ ğŸ¤«ğŸŠ PrivilÃ©giez des feux d'artifice Ã  bruit contenu, plus d'infos ğŸ‘‡",https://scontent-bru2-1.xx.fbcdn.net/v/t39.16868-6/s600x600/81265598_1065521537113322_1143570158212612096_n.jpg?_nc_cat=111&_nc_ohc=qQxBp22x4I8AX9cjyhT&_nc_ht=scontent-bru2-1.xx&_nc_tp=1002&oh=ac3f4e7a47c44385a2ab26771818cb00&oe=5ED1FCB9
5,18 dÃ©c 2019 - 22 dÃ©c 2019,Inactive,IDÂ : 885716148498367,97% des avortements se pratiquent durant les 12 premiÃ¨res semaines de grossesse mais nous ne pouvons pas oublier les 3 % restants !,https://scontent-bru2-1.xx.fbcdn.net/v/t39.16868-6/s600x600/80568948_885716158498366_6385229120485195776_n.jpg?_nc_cat=104&_nc_ohc=Fthhe1H_6UgAX-yPprQ&_nc_ht=scontent-bru2-1.xx&_nc_tp=1002&oh=30860b44fb37ac0d0b0057ff6fbeabea&oe=5E9D3442
6,18 dÃ©c 2019 - 22 dÃ©c 2019,Inactive,IDÂ : 3391611610910718,"La loi actuelle abandonne ces femmes prÃ©carisÃ©es, mal informÃ©es ou violentÃ©es qui ont le plus besoin dâ€™Ãªtre soutenues !",https://scontent-bru2-1.xx.fbcdn.net/v/t39.16868-6/s600x600/80689903_3391611640910715_481657904819077120_n.jpg?_nc_cat=103&_nc_ohc=XI33g-STGSAAX_dvV_8&_nc_ht=scontent-bru2-1.xx&_nc_tp=1002&oh=723001e0fe445fe0b46a28e451df515b&oe=5EA1934D
7,19 dÃ©c 2019 - 22 dÃ©c 2019,Inactive,IDÂ : 453876988867528,"ğŸ‘ Jean-NoÃ«l Gillard, meilleur conseiller communal Ã  Charleroi selon la DH.be ""Sa connaissance des dossiers lâ€™honore : certains Ã©chevins devraient en prendre de la graine""  ğŸ‘‰ http://bit.ly/JNGScoreDH",https://scontent-bru2-1.xx.fbcdn.net/v/t1.6435-0/s600x600/79762398_2640433139337600_9204547100707127296_n.jpg?_nc_cat=101&_nc_ohc=HFrSV7pTJDAAX8nLdKv&_nc_ht=scontent-bru2-1.xx&_nc_tp=1002&oh=2cfa2c88a84df72e0fa0d9a2896e9f01&oe=5E9C39B7
8,13 dÃ©c 2019 - 16 dÃ©c 2019,Inactive,IDÂ : 447885105900516,"Financement des zones de secours, avenir des provinces, transition Ã©cologique et participation citoyenne, portrait d'Amaury Alexandre et de son travail de dÃ©putÃ© provincial ğŸ‘‰ http://bit.ly/PortraitAAlexandre  Ici ğŸ‘‡, prÃ©sentation d'un beau projet Ã  l'Ecole Provinciale d'Agronomie et des Sciences de Ciney ğŸšœğŸ˜Š",
9,22 nov 2019 - 25 nov 2019,Inactive,IDÂ : 825319851232624,Le vote de nos amendements sur l'IVG a Ã©tÃ© reportÃ© ! ğŸ˜¡  DÃ©FI dÃ©plore que certains partis aient volontairement retardÃ© ce vote.  Sophie Rohonyi a fait entendre avec force l'opinion de DÃ©FI en Commission â¡ https://youtu.be/4ZWg2Vix0FU,
10,22 nov 2019 - 25 nov 2019,Inactive,IDÂ : 439595193376543,Le vote de nos amendements sur l'IVG a Ã©tÃ© reportÃ© ! ğŸ˜¡  DÃ©FI dÃ©plore que certains partis aient volontairement retardÃ© ce vote.  Sophie Rohonyi a fait entendre avec force l'opinion de DÃ©FI en Commission â¡ https://youtu.be/4ZWg2Vix0FU,
11,23 nov 2019 - 25 nov 2019,Inactive,IDÂ : 538807310295128,"Jonathan de Patoul - DÃ©FI : ""Chaque victime est une victime de trop"" #25Novembre #MirabalBelgium",https://scontent-bru2-1.xx.fbcdn.net/v/t39.16868-6/s600x600/78595368_538807333628459_3626114147822862336_n.jpg?_nc_cat=107&_nc_ohc=vpfeqV91HyoAX9FiKTH&_nc_ht=scontent-bru2-1.xx&_nc_tp=1002&oh=22fa839ac2f2a39beace62658614de25&oe=5EA71E85
12,23 nov 2019 - 25 nov 2019,Inactive,IDÂ : 439911120280732,"Carine Kolchory : ""Chaque victime est une victime de trop"" #25Novembre #MirabalBelgium",https://scontent-bru2-1.xx.fbcdn.net/v/t39.16868-6/s600x600/78221981_439911136947397_2436105707989237760_n.jpg?_nc_cat=100&_nc_ohc=H2HccWs6EC8AX9Wg8rT&_nc_ht=scontent-bru2-1.xx&_nc_tp=1002&oh=8e3160e33aa090330ca25e9a66382f01&oe=5EA111EB
13,23 nov 2019 - 25 nov 2019,Inactive,IDÂ : 1785611824906004,"Nicole Bomele : ""Chaque victime est une victime de trop""  #25Novembre #MirabalBelgium",https://scontent-bru2-1.xx.fbcdn.net/v/t39.16868-6/s600x600/78169767_1785611848239335_3123439099713683456_n.jpg?_nc_cat=106&_nc_ohc=XqSNTLBFylMAX91CWLJ&_nc_ht=scontent-bru2-1.xx&_nc_tp=1002&oh=ba1ba96963e7c672539230d1395f3385&oe=5ED267EE
14,23 nov 2019 - 25 nov 2019,Inactive,IDÂ : 554056521821927,"Deborah Lorenzino : ""Chaque victime est une victime de trop"" #25novembre #MirabalBelgium",https://scontent-bru2-1.xx.fbcdn.net/v/t39.16868-6/s600x600/78096808_554056565155256_5503536059046166528_n.jpg?_nc_cat=109&_nc_ohc=rcER_1CjFg0AX9_zMcN&_nc_ht=scontent-bru2-1.xx&_nc_tp=1002&oh=62fe109cb556d601f0c16a6770c77b49&oe=5ED9B1FB
15,23 nov 2019 - 25 nov 2019,Inactive,IDÂ : 2505292166423137,"MikhaÃ«l Jacquemain : ""Chaque victime est une victime de trop""  #25Novembre #MirabalBelgium",https://scontent-bru2-1.xx.fbcdn.net/v/t39.16868-6/s600x600/78549115_2505317459753941_6552174641014636544_n.jpg?_nc_cat=111&_nc_ohc=XlLt9g0Hc2IAX9KbsZ0&_nc_ht=scontent-bru2-1.xx&_nc_tp=1002&oh=a8f66201a45823ff52134dd11749d617&oe=5E973C8A
16,23 nov 2019 - 25 nov 2019,Inactive,IDÂ : 1248896885318421,"Didier Gosuin : ""Chaque victime est une victime de trop"" #25novembre #MirabalBelgium",https://scontent-bru2-1.xx.fbcdn.net/v/t39.16868-6/s600x600/78394596_1248896918651751_9128993841376919552_n.jpg?_nc_cat=105&_nc_ohc=rRF7-S2BX-0AX-bDsO2&_nc_ht=scontent-bru2-1.xx&_nc_tp=1002&oh=068c2099f3cc8a38c286a8d5453dcd71&oe=5E9C78D4
17,23 nov 2019 - 25 nov 2019,Inactive,IDÂ : 523505261572044,"Sophie de Vos : ""Chaque victime est une victime de trop"" #25Novembre #MirabalBelgium",https://scontent-bru2-1.xx.fbcdn.net/v/t39.16868-6/s600x600/78405053_523505281572042_1591036833410580480_n.jpg?_nc_cat=100&_nc_ohc=bpNI2VprUagAX8G6Cc0&_nc_ht=scontent-bru2-1.xx&_nc_tp=1002&oh=2e0d2b739da7adc368eafefb2d4ee802&oe=5EDA0703
18,23 nov 2019 - 25 nov 2019,Inactive,IDÂ : 2445407969032082,"Marc Loewenstein : ""Chaque victime est une victime de trop""  #25Novembre #MirabalBelgium",https://scontent-bru2-1.xx.fbcdn.net/v/t39.16868-6/s600x600/78218370_2445407992365413_5460398640180756480_n.jpg?_nc_cat=109&_nc_ohc=5XUhshY4RNQAX89ko17&_nc_ht=scontent-bru2-1.xx&_nc_tp=1002&oh=265d6d657482fce29059a3f76d6750ec&oe=5E92C064
19,23 nov 2019 - 25 nov 2019,Inactive,IDÂ : 580456092709939,"Sophie Rohonyi : ""Chaque victime est une victime de trop"" #25Novembre #MirabalBelgium",https://scontent-bru2-1.xx.fbcdn.net/v/t39.16868-6/s600x600/78566661_580456126043269_7271464324588109824_n.jpg?_nc_cat=100&_nc_ohc=qoigveXM6FAAX_BjYCO&_nc_ht=scontent-bru2-1.xx&_nc_tp=1002&oh=d650bd998d5660f68bd89d0d0ef91b24&oe=5E998D9F
20,23 nov 2019 - 25 nov 2019,Inactive,IDÂ : 364740984325539,"Marie Nagy : ""Chaque victime est une victime de trop"" #25Novembre #MirabalBelgium",https://scontent-bru2-1.xx.fbcdn.net/v/t39.16868-6/s600x600/78242284_364741027658868_554466649982369792_n.jpg?_nc_cat=104&_nc_ohc=yWdB0vU-eugAX9-vPwx&_nc_ht=scontent-bru2-1.xx&_nc_tp=1002&oh=d1b1fcecbfe74a49e63a8dc70405dc27&oe=5EA6D98C
21,23 nov 2019 - 25 nov 2019,Inactive,IDÂ : 534256484022608,"JoÃ«lle Maison : ""Chaque victime est une victime de trop""  #25Novembre #MirabalBelgium",https://scontent-bru2-1.xx.fbcdn.net/v/t39.16868-6/s600x600/78425756_534256510689272_7681034145396424704_n.jpg?_nc_cat=104&_nc_ohc=fL0DfBfVAMMAX-uTRps&_nc_ht=scontent-bru2-1.xx&_nc_tp=1002&oh=6d1c0aa7e1872d987691e13cc36a9c48&oe=5E8D85C1
22,23 nov 2019 - 25 nov 2019,Inactive,IDÂ : 520270888816416,"Sadik KÃ¶ksal : ""Chaque victime est une victime de trop""  #25Novembre #MirabalBelgium",https://scontent-bru2-1.xx.fbcdn.net/v/t39.16868-6/s600x600/78716286_520270922149746_7261976080406282240_n.jpg?_nc_cat=101&_nc_ohc=NzhXq4-JgMEAX83jspa&_nc_ht=scontent-bru2-1.xx&_nc_tp=1002&oh=ad9696af99dea5c2a54e07cc123400ab&oe=5E9EEA75
23,23 nov 2019 - 25 nov 2019,Inactive,IDÂ : 542047973308513,"AdelaÃ¯de de Patoul : ""Chaque victime est une victime de trop"" #25Novembre #MirabalBelgium",https://scontent-bru2-1.xx.fbcdn.net/v/t39.16868-6/s600x600/78274927_542048003308510_6623512299749507072_n.jpg?_nc_cat=103&_nc_ohc=r6mNtHWakwgAX9hloFQ&_nc_ht=scontent-bru2-1.xx&_nc_tp=1002&oh=7aba8730ec0ef1be1ec6ddbf074dbc4c&oe=5ED14EEB
24,5 nov 2019 - 9 nov 2019,Inactive,IDÂ : 2617145151850049,Il manque 6 millions dâ€™â‚¬ pour financer de nouveaux athlÃ¨tes de haut niveau ğŸ‹â€â™‚ ğŸ¤¾â€â™€ Michael Vossaert propose des solutions ğŸ‘‰ http://bit.ly/FinancementSportHautNiveau,https://scontent-bru2-1.xx.fbcdn.net/v/t1.6435-0/s600x600/74907705_2541669955880586_1440253416549908480_n.png?_nc_cat=110&_nc_ohc=GatIJrDa2NkAX8BXHKp&_nc_ht=scontent-bru2-1.xx&oh=38ba22f42efc34bcaddbb1cdcfb4cf3b&oe=5EDAA32F
25,25 nov 2019 - 27 nov 2019,Inactive,IDÂ : 2674049979299811,"Aujourd'hui, un enfant de 7 ans a dÃ©jÃ  mangÃ© plus de sucre que son grand-pÃ¨re de 90 ans durant toute sa vie ? ğŸ˜± Participez Ã  l'initiative lancÃ©e par Jonathan de Patoul - DÃ©FI au Parlement bruxellois en arrÃªtant le sucre ajoutÃ© pendant 1 mois ! ğŸ’ª",https://scontent-bru2-1.xx.fbcdn.net/v/t39.16868-6/s600x600/78547144_2674050055966470_9029785289454780416_n.jpg?_nc_cat=107&_nc_ohc=ouGMpq8eX9UAX_C2zd-&_nc_ht=scontent-bru2-1.xx&_nc_tp=1002&oh=c18e8d9d52d1372a904837baa1bf77f7&oe=5EA6008D
26,15 nov 2019 - 17 nov 2019,Inactive,IDÂ : 2408759425902904,"DÃ¨s 2 ans, les enfants cumulent  prÃ¨s de 3h dâ€™Ã©cran par jour.  Entre 8 et 12 ans, prÃ¨s de 5h/jour.  Entre 13 et 18 ans, ils frÃ´lent les 7h/jour de consommation d'Ã©cran ğŸ–¥ğŸ˜±",https://scontent-bru2-1.xx.fbcdn.net/v/t39.16868-6/s600x600/77313789_2408768889235291_967749809320493056_n.jpg?_nc_cat=102&_nc_ohc=sHK-Chty-4gAX_3AHdV&_nc_ht=scontent-bru2-1.xx&_nc_tp=1002&oh=db52e782f881ec85489bfd9132f08bd7&oe=5E978557
27,14 nov 2019 - 17 nov 2019,Inactive,IDÂ : 415558426062976,"DÃ¨s 2 ans, les enfants cumulent  prÃ¨s de 3h dâ€™Ã©cran par jour.  Entre 8 et 12 ans, prÃ¨s de 5h/jour.  Entre 13 et 18 ans, ils frÃ´lent les 7h/jour de consommation d'Ã©cran ğŸ–¥ğŸ˜±",https://scontent-bru2-1.xx.fbcdn.net/v/t39.16868-6/s600x600/77414357_415558489396303_2546639873922564096_n.jpg?_nc_cat=103&_nc_ohc=5DA3lIWqGFQAX-v5rog&_nc_ht=scontent-bru2-1.xx&_nc_tp=1002&oh=57dbc95d495ee1a76adb6c549512398f&oe=5E971145
28,14 nov 2019 - 17 nov 2019,Inactive,IDÂ : 632205940517324,"DÃ¨s 2 ans, les enfants cumulent  prÃ¨s de 3h dâ€™Ã©cran par jour.  Entre 8 et 12 ans, prÃ¨s de 5h/jour.  Entre 13 et 18 ans, ils frÃ´lent les 7h/jour de consommation d'Ã©cran ğŸ–¥ğŸ˜±",https://scontent-bru2-1.xx.fbcdn.net/v/t39.16868-6/s600x600/78235221_632205970517321_283652503654891520_n.jpg?_nc_cat=101&_nc_ohc=xz8f7mrJQMMAX-RRMiC&_nc_ht=scontent-bru2-1.xx&_nc_tp=1002&oh=a647ef751708de54e7fda8b776507d2b&oe=5EA6E379
29,5 oct 2019 - 6 oct 2019,Inactive,IDÂ : 554273235380071,"ğŸ‘¨â€ğŸ« JournÃ©e des enseignants ğŸ‘©â€ğŸ“ Entretien avec Emma Itoua, prof en secondaire & vision de DÃ©FI en matiÃ¨re d'enseignement avec JoÃ«lle Maison  ğŸ‘‰ http://bit.ly/JournÃ©eEnseignants2019",https://scontent-bru2-1.xx.fbcdn.net/v/t1.6435-0/s600x600/71730798_2472562336124682_6429589642957291520_n.png?_nc_cat=109&_nc_ohc=PdE1-uvlFaAAX8MS4t6&_nc_ht=scontent-bru2-1.xx&oh=6d6b7de115b4fa934892210f6749dc46&oe=5E94FD5F
30,23 oct 2019 - 25 oct 2019,Inactive,IDÂ : 405415693691943,"Ce matin, Jonathan de Patoul - DÃ©FI et Marco Loewenstein ont visitÃ© le centre de dispatching de la STIB - Officiel ğŸšˆ  L'occasion de rappeler certaines prioritÃ©s DÃ©FI :  â–ª Renforcement de lâ€™offre â–ª AmÃ©lioration du confort, de la sÃ©curitÃ© et de lâ€™accessibilitÃ© pour tous â–ª CrÃ©ation dâ€™un Pass MobilitÃ©, dâ€™un abonnement unique, intÃ©grant les diffÃ©rents opÃ©rateurs de transports",https://scontent-bru2-1.xx.fbcdn.net/v/t1.6435-0/s600x600/72631462_2511354902245425_1717212552976400384_n.jpg?_nc_cat=111&_nc_ohc=4_qurfjv8NAAX_XQxPC&_nc_ht=scontent-bru2-1.xx&_nc_tp=1002&oh=1767d583e514386c49002750302a2820&oe=5ED2414A
31,1 oct 2019 - 3 oct 2019,Inactive,IDÂ : 2373160872897375,"Sophie Rohonyi rÃ©affirme la volontÃ© de DÃ©FI de reconnaÃ®tre aux animaux ğŸ¶ le statut dâ€™Ãªtre vivant douÃ© de sensibilitÃ©, au lieu de les considÃ©rer comme des biens meubles ou immeubles ! â¤ğŸ± ğŸ‘‰ http://bit.ly/SRAnimal191001",https://scontent-bru2-1.xx.fbcdn.net/v/t1.6435-0/s600x600/71094893_2464122313635351_1954300198029099008_n.png?_nc_cat=105&_nc_ohc=znNIpA8xKPgAX_5S1ed&_nc_ht=scontent-bru2-1.xx&oh=17ccdd83dc8e192eb0893ade15a513c9&oe=5E9CE043
32,25 oct 2019 - 27 oct 2019,Inactive,IDÂ : 993457617671575,"ğŸ—“ JournÃ©e europÃ©enne de la justice âš– Alexandra Dupire : ""Quand j'ai commencÃ©, j'Ã©tais convaincue que c'Ã©tait une machine qui fonctionnait bien. Je me trompais"" ğŸ‘‰ http://bit.ly/JournÃ©eEuroJustice",https://scontent-bru2-1.xx.fbcdn.net/v/t1.6435-0/s600x600/73084696_2517691491611766_5059394989910392832_n.png?_nc_cat=102&_nc_ohc=s5V8Ggaxry8AX9mKoyu&_nc_ht=scontent-bru2-1.xx&oh=a85cd3ff622e0a54b21408d25608e851&oe=5EA11DFC
33,16 oct 2019 - 18 oct 2019,Inactive,IDÂ : 2399469210267571,"ğŸ›£ ğŸš§ Destruction du viaduc Herrmann-Debroux  ""Je rassure les navetteurs, on ne va pas fermer la route ou en faire un chemin de campagne""  Didier Gosuin sur BX1 ğŸ‘‰ http://bit.ly/HerrmannDGosuin",
34,21 mai 2019 - 25 mai 2019,Inactive,IDÂ : 457136571723293,ğŸ—“ Vivez la soirÃ©e Ã©lectorale avec nous ! ğŸ—³,https://scontent-bru2-1.xx.fbcdn.net/v/t39.16868-6/s600x600/61183287_457136585056625_508094506562748416_n.jpg?_nc_cat=109&_nc_ohc=gQcRd2zkKKUAX80VAtr&_nc_ht=scontent-bru2-1.xx&_nc_tp=1002&oh=8a4a3da4cd19b53ec632f2f3fc4e9ed9&oe=5E8DA38F
35,9 mai 2019 - 25 mai 2019,Inactive,IDÂ : 680729949050837,"Olivier Maingain vous explique pourquoi voter DÃ©FI, le 26 mai prochain, est Clairement plus juste ! ğŸ—“ğŸ—³",
36,9 mai 2019 - 18 mai 2019,Inactive,IDÂ : 1123711854419346,"ğŸ—“ Le 26 mai, comme Ntonga Monsempo, votez Clairement plus juste ! â˜‘",https://scontent-bru2-1.xx.fbcdn.net/v/t39.16868-6/s600x600/58802208_1123711871086011_192788270029996032_n.jpg?_nc_cat=104&_nc_ohc=vinuZGCdFOIAX9UqJ2w&_nc_ht=scontent-bru2-1.xx&_nc_tp=1002&oh=87ddffbc35de1c99ecc6bb0f2dbcbb9d&oe=5E8F7AC9
37,9 mai 2019 - 25 mai 2019,Inactive,IDÂ : 2237042446387991,"ğŸ—“ Le 26 mai, comme Daniel Schutz, votez Clairement plus juste ! â˜‘",https://scontent-bru2-1.xx.fbcdn.net/v/t39.16868-6/s600x600/58712383_2237042469721322_5144133388990414848_n.jpg?_nc_cat=102&_nc_ohc=jv0RwO8HRWQAX9pSwby&_nc_ht=scontent-bru2-1.xx&_nc_tp=1002&oh=8e64e6dfe4d17b35fb07bfdeafda03b9&oe=5ED693AE
38,9 mai 2019 - 25 mai 2019,Inactive,IDÂ : 425109861613536,"ğŸ—“ Le 26 mai, comme Monique FÃ©lix, votez Clairement plus juste ! â˜‘",https://scontent-bru2-1.xx.fbcdn.net/v/t39.16868-6/s600x600/58764832_425109871613535_4710966244763762688_n.jpg?_nc_cat=102&_nc_ohc=N1yFAewBnZ8AX_YTfz4&_nc_ht=scontent-bru2-1.xx&_nc_tp=1002&oh=607ab2eeda9967d3b3e2e8547725f34f&oe=5E98E802
39,5 mai 2019 - 25 mai 2019,Inactive,IDÂ : 1052788268246124,"ğ‘½ğ‘¶ğ‘»ğ‘¬ğ’ ğ‘¼ğ‘»ğ‘°ğ‘³ğ‘¬, ğ‘½ğ‘¶ğ‘»ğ‘¬ğ’ ğ‘«Ã©ğ‘­ğ‘° ğ’‚ğ’—ğ’†ğ’„ ğ‘©ğ’“ğ’–ğ’™ğ’†ğ’ğ’ğ’†ğ’”! Sophie Rohonyi vous explique pourquoi c'est important de soutenir la liste DÃ©FI Ã  Bruxelles le 26 mai ! ğŸ“",
40,9 mai 2019 - 25 mai 2019,Inactive,IDÂ : 314344079258117,"ğŸ—“ Le 26 mai, comme Dany Beaupain, votez Clairement plus juste ! â˜‘",https://scontent-bru2-1.xx.fbcdn.net/v/t39.16868-6/s600x600/58734671_314344099258115_8044672495019622400_n.jpg?_nc_cat=106&_nc_ohc=oMHb-ELAlZQAX_DsBsw&_nc_ht=scontent-bru2-1.xx&_nc_tp=1002&oh=14d428e03a7a536fe99ec8692425bc79&oe=5E967E99
41,9 mai 2019 - 25 mai 2019,Inactive,IDÂ : 319712375359672,"ğŸ—“ Le 26 mai, comme Patrick Pynnaert Conseiller Provincial DÃ©FI Namur, votez Clairement plus juste ! â˜‘",https://scontent-bru2-1.xx.fbcdn.net/v/t39.16868-6/s600x600/58736773_319712385359671_1258529884217540608_n.jpg?_nc_cat=107&_nc_ohc=H6ZTy9TahbAAX9B3vwX&_nc_ht=scontent-bru2-1.xx&_nc_tp=1002&oh=2f06715ff003bb7515b3d48f6de99239&oe=5E940FDF
42,9 mai 2019 - 25 mai 2019,Inactive,IDÂ : 2350374378317874,"ğŸ—“ Le 26 mai, comme Pascal Goergen, votez Clairement plus juste ! â˜‘",https://scontent-bru2-1.xx.fbcdn.net/v/t39.16868-6/s600x600/58649110_2350374388317873_1777466576157540352_n.jpg?_nc_cat=104&_nc_ohc=N6mGprc8M5AAX_ACe-X&_nc_ht=scontent-bru2-1.xx&_nc_tp=1002&oh=d34d6887ac5e21a42cf29c1e737a7551&oe=5E9DB6AC
43,9 mai 2019 - 25 mai 2019,Inactive,IDÂ : 2696800940346863,"ğŸ—“ Le 26 mai, comme Nicolas Dubois, votez Clairement plus juste ! â˜‘",https://scontent-bru2-1.xx.fbcdn.net/v/t39.16868-6/s600x600/58673383_2696800957013528_2261859962827309056_n.jpg?_nc_cat=109&_nc_ohc=L_N8XiGjq8QAX8Qszyi&_nc_ht=scontent-bru2-1.xx&_nc_tp=1002&oh=567800dbcdba8f124ad4fce4af88ea07&oe=5E9AE1C0
44,9 mai 2019 - 25 mai 2019,Inactive,IDÂ : 642649812872541,"ğŸ—“ Le 26 mai, comme Fiorella Iezzi, votez Clairement plus juste ! â˜‘",https://scontent-bru2-1.xx.fbcdn.net/v/t39.16868-6/s600x600/58662082_642649829539206_3284204415707250688_n.jpg?_nc_cat=106&_nc_ohc=Pf8GKIlDtrUAX_Onf4J&_nc_ht=scontent-bru2-1.xx&_nc_tp=1002&oh=6bb76c0b44fc8bf97c3e5639d00516c9&oe=5E9B595E
45,15 mai 2019 - 17 mai 2019,Inactive,IDÂ : 1139165712920538,"""Il est temps de faire entrer DÃ©FI en Wallonie"" ğŸ’ª â–¶ http://bit.ly/CPÃ©rilleuxDÃ©FI",https://scontent-bru2-1.xx.fbcdn.net/v/t1.6435-0/s600x600/60012226_2209908479056737_131915578284703744_n.png?_nc_cat=110&_nc_ohc=PdyRJL2RORYAX8v6eRr&_nc_ht=scontent-bru2-1.xx&oh=9ef62424340970fc564958a2d50ee676&oe=5EA2B6A0
46,9 mai 2019 - 25 mai 2019,Inactive,IDÂ : 2997351783615155,"ğŸ—“ Le 26 mai, comme BenoÃ®t Cassart, votez Clairement plus juste ! â˜‘",https://scontent-bru2-1.xx.fbcdn.net/v/t39.16868-6/s600x600/58677871_2997351813615152_5544681454899822592_n.jpg?_nc_cat=103&_nc_ohc=TfH9KgejtZAAX88RAgM&_nc_ht=scontent-bru2-1.xx&_nc_tp=1002&oh=82d7cd40dddaff4b64d0ef5d1c9fcea1&oe=5E9D94B0
47,9 mai 2019 - 25 mai 2019,Inactive,IDÂ : 269856480589006,"ğŸ—“ Le 26 mai, comme BenoÃ®t Cassart, votez Clairement plus juste ! â˜‘",https://scontent-bru2-1.xx.fbcdn.net/v/t39.16868-6/s600x600/58665529_269856497255671_64919955392430080_n.jpg?_nc_cat=105&_nc_ohc=yIGkxlx7zvgAX_QKzXE&_nc_ht=scontent-bru2-1.xx&_nc_tp=1002&oh=511b8d17ccb2d1a7413c83ccb776247c&oe=5E9F560F
48,9 mai 2019 - 25 mai 2019,Inactive,IDÂ : 279606096252427,"ğŸ—“ Le 26 mai, comme Pierre-Yves Dupuis - DÃ©FI NAMUR, votez Clairement plus juste ! â˜‘",https://scontent-bru2-1.xx.fbcdn.net/v/t39.16868-6/s600x600/58658821_279606106252426_1336207816624439296_n.jpg?_nc_cat=102&_nc_ohc=C2Zip2TuNFYAX9rFuzx&_nc_ht=scontent-bru2-1.xx&_nc_tp=1002&oh=f862e5009ac4c3d7067e2e55e6984dac&oe=5EA66001
49,3 mai 2019 - 25 mai 2019,Inactive,IDÂ : 460402551374034,"Olivier Maingain vous explique pourquoi voter DÃ©FI, le 26 mai prochain, est Clairement plus juste ! ğŸ—“ğŸ—³",
50,9 mai 2019 - 25 mai 2019,Inactive,IDÂ : 2139678922787013,"ğŸ—“ Le 26 mai, comme Renaud Duquesne, votez Clairement plus juste ! â˜‘",https://scontent-bru2-1.xx.fbcdn.net/v/t39.16868-6/s600x600/58630912_2139678936120345_1191321759228362752_n.jpg?_nc_cat=101&_nc_ohc=4l36SabnQhcAX8WC7nt&_nc_ht=scontent-bru2-1.xx&_nc_tp=1002&oh=3aa7483e73fc26319d446650b8f1f67e&oe=5E9DE350
51,9 mai 2019 - 25 mai 2019,Inactive,IDÂ : 437891757015798,"ğŸ—“ Le 26 mai, comme Emmanuel Cornette, votez Clairement plus juste ! â˜‘",https://scontent-bru2-1.xx.fbcdn.net/v/t39.16868-6/s600x600/58697230_437891773682463_7469362089576890368_n.jpg?_nc_cat=111&_nc_ohc=QNXP86x4-nEAX9jPVy2&_nc_ht=scontent-bru2-1.xx&_nc_tp=1002&oh=3af9a39a04542998f469af8ca692eac1&oe=5E9D60EA
52,9 mai 2019 - 25 mai 2019,Inactive,IDÂ : 2308952446091028,"ğŸ—“ Le 26 mai, comme Jonathan De Lathouwer - DÃ©Fi, votez Clairement plus juste ! â˜‘",https://scontent-bru2-1.xx.fbcdn.net/v/t39.16868-6/s600x600/58915308_2308952462757693_4202479513197608960_n.jpg?_nc_cat=100&_nc_ohc=sKphZ8PrnuAAX9nFZ7p&_nc_ht=scontent-bru2-1.xx&_nc_tp=1002&oh=f7fe7fc8c59162f7ac513c7b0717d123&oe=5ED1AD9A
53,9 mai 2019 - 25 mai 2019,Inactive,IDÂ : 1969382206518378,"ğŸ—“ Le 26 mai, comme Sophie Rohonyi, votez Clairement plus juste ! â˜‘",https://scontent-bru2-1.xx.fbcdn.net/v/t39.16868-6/s600x600/58703623_1969382223185043_2197382625289568256_n.jpg?_nc_cat=111&_nc_ohc=ZclfeHqwmkwAX8ffoK7&_nc_ht=scontent-bru2-1.xx&_nc_tp=1002&oh=116d28ff050d7dcf7455d94a5c3c3c97&oe=5EA65686
54,9 mai 2019 - 25 mai 2019,Inactive,IDÂ : 670333816750594,"ğŸ—“ Le 26 mai, comme Jean-NoÃ«l Gillard, votez Clairement plus juste ! â˜‘",https://scontent-bru2-1.xx.fbcdn.net/v/t39.16868-6/s600x600/58739475_670333826750593_7142551559803502592_n.jpg?_nc_cat=108&_nc_ohc=RzlGS7Zzb6EAX8cOhUt&_nc_ht=scontent-bru2-1.xx&_nc_tp=1002&oh=60fee7032150239e96bbfd11495af49e&oe=5ED8ACFD
55,9 mai 2019 - 25 mai 2019,Inactive,IDÂ : 283808249010248,"ğŸ—“ Le 26 mai, comme Camille PÃ©rilleux TÃªte de liste DÃ©FI LiÃ¨ge - Parlement de Wallonie, votez Clairement plus juste ! â˜‘",https://scontent-bru2-1.xx.fbcdn.net/v/t39.16868-6/s600x600/58652132_283808265676913_1798800992976764928_n.jpg?_nc_cat=100&_nc_ohc=TcMVo2w8j0sAX9GtBb2&_nc_ht=scontent-bru2-1.xx&_nc_tp=1002&oh=a75e7684cf5773c5987842a82e327113&oe=5EA725E1
56,9 mai 2019 - 25 mai 2019,Inactive,IDÂ : 2199432156771671,"ğŸ—“ Le 26 mai, comme JoÃ«lle Maison, votez Clairement plus juste ! â˜‘",https://scontent-bru2-1.xx.fbcdn.net/v/t39.16868-6/s600x600/58707067_2199432173438336_7661779287317413888_n.jpg?_nc_cat=101&_nc_ohc=TOISy3spOPMAX-r6KaF&_nc_ht=scontent-bru2-1.xx&_nc_tp=1002&oh=2f703e5d21c34021869b3cbf2dd75633&oe=5ED8A169
57,9 mai 2019 - 25 mai 2019,Inactive,IDÂ : 2805354972871122,"ğŸ—“ Le 26 mai, comme Marc Loewenstein, votez Clairement plus juste ! â˜‘",https://scontent-bru2-1.xx.fbcdn.net/v/t39.16868-6/s600x600/58707095_2805355009537785_590629273887309824_n.jpg?_nc_cat=108&_nc_ohc=09qnsKgNPOMAX8_vjXA&_nc_ht=scontent-bru2-1.xx&_nc_tp=1002&oh=fbd8e98ba94627109c1f8b3cc63b36d2&oe=5E9F2477
58,9 mai 2019 - 25 mai 2019,Inactive,IDÂ : 1285374684947012,"ğŸ—“ Le 26 mai, comme Alexandra Dupire, votez Clairement plus juste ! â˜‘",https://scontent-bru2-1.xx.fbcdn.net/v/t39.16868-6/s600x600/58685919_1285374698280344_4634588106899587072_n.jpg?_nc_cat=109&_nc_ohc=f_XO0UlgspsAX-HVQLz&_nc_ht=scontent-bru2-1.xx&_nc_tp=1002&oh=bdafa410a0317cb20bf5d5ffc9c1847a&oe=5E95CAFD
59,14 mai 2019 - 25 mai 2019,Inactive,IDÂ : 337285106894081,"#CeQuiEstJuste, c'est de s'opposer âŒ comme DÃ©FI Ã  la suppression de l'indexation automatique des salaires et aux sauts d'index",https://scontent-bru2-1.xx.fbcdn.net/v/t39.16868-6/s600x600/60901261_337285126894079_4387531318766862336_n.jpg?_nc_cat=101&_nc_ohc=la9zc3VWgDcAX_w_9oH&_nc_ht=scontent-bru2-1.xx&_nc_tp=1002&oh=676146acca3a820334025a79e576fdac&oe=5E93B8B6
60,14 mai 2019 - 25 mai 2019,Inactive,IDÂ : 2291152194264115,"#CeQuiEstJuste, c'est de s'opposer âŒ comme DÃ©FI Ã  la suppression de l'indexation automatique des salaires et aux sauts d'index",https://scontent-bru2-1.xx.fbcdn.net/v/t39.16868-6/s600x600/60714299_2291152234264111_896606991777005568_n.jpg?_nc_cat=109&_nc_ohc=XVoxDjuEzkcAX-2GfLl&_nc_ht=scontent-bru2-1.xx&_nc_tp=1002&oh=4df73906ecd03bfec0e29e02c7cb9ea7&oe=5E9171CF
61,9 mai 2019 - 25 mai 2019,Inactive,IDÂ : 2326477874063372,"ğŸ—“ Le 26 mai, comme FranÃ§ois De Smet, votez Clairement plus juste ! â˜‘",https://scontent-bru2-1.xx.fbcdn.net/v/t39.16868-6/s600x600/58658757_2326477917396701_2580120840506966016_n.jpg?_nc_cat=105&_nc_ohc=9jN4RsJ5DxoAX9jwdXN&_nc_ht=scontent-bru2-1.xx&_nc_tp=1002&oh=7df7e62a9fe63c70cc200c011466a1ac&oe=5EA5455C
62,14 mai 2019 - 25 mai 2019,Inactive,IDÂ : 851008888589431,"ğŸ—“ Le 26 mai, comme Olivier Maingain, prÃ©sident de DÃ©FI, votez Clairement plus juste ! â˜‘",https://scontent-bru2-1.xx.fbcdn.net/v/t39.16868-6/s600x600/60680073_851008905256096_3227762798771568640_n.jpg?_nc_cat=100&_nc_ohc=Ilq2Z9wtJt0AX-BvDWq&_nc_ht=scontent-bru2-1.xx&_nc_tp=1002&oh=20da911af96da3eb24107629c4c5e0d2&oe=5EA06294
63,14 mai 2019 - 25 mai 2019,Inactive,IDÂ : 2926444460699108,"ğŸ—“ Le 26 mai, comme Olivier Maingain, prÃ©sident de DÃ©FI, votez Clairement plus juste ! â˜‘",https://scontent-bru2-1.xx.fbcdn.net/v/t39.16868-6/s600x600/60716769_2926444510699103_5717623007472517120_n.jpg?_nc_cat=104&_nc_ohc=Q6xPqwAzVtYAX-sFiJo&_nc_ht=scontent-bru2-1.xx&_nc_tp=1002&oh=f040d9441d253d8505e9290a45ff4841&oe=5EA6C5FF
64,14 mai 2019 - 25 mai 2019,Inactive,IDÂ : 2313306245401186,DÃ©FI propose #CeQuiEstJuste â˜‘ : imposer une taxe aux gros pollueurs que sont les compagnies aÃ©riennes âœˆ prÃ©sentes en Europe et les compagnies maritimes ğŸ›³ qui transportent 90 % du frÃªt mondial.,https://scontent-bru2-1.xx.fbcdn.net/v/t39.16868-6/s600x600/60718363_2313306282067849_6899089891225763840_n.jpg?_nc_cat=101&_nc_ohc=ueWlZ9HSVA0AX-HHpzw&_nc_ht=scontent-bru2-1.xx&_nc_tp=1002&oh=d231a76a28d459cfe8fe391c2134ef0e&oe=5E945FC8
65,14 mai 2019 - 25 mai 2019,Inactive,IDÂ : 393713354689278,DÃ©FI propose #CeQuiEstJuste â˜‘ : imposer une taxe aux gros pollueurs que sont les compagnies aÃ©riennes âœˆ prÃ©sentes en Europe et les compagnies maritimes ğŸ›³ qui transportent 90 % du frÃªt mondial.,https://scontent-bru2-1.xx.fbcdn.net/v/t39.16868-6/s600x600/60740049_393713368022610_8069962649732907008_n.jpg?_nc_cat=110&_nc_ohc=y4ns7Rpbfq4AX_WFdTk&_nc_ht=scontent-bru2-1.xx&_nc_tp=1002&oh=70e33e6103a3af95c43c626a91bb9fb6&oe=5E8DF1D6
66,14 mai 2019 - 25 mai 2019,Inactive,IDÂ : 323886531619074,La vision de DÃ©FI est celle d'une sociÃ©tÃ© oÃ¹ #CeQuiEstJuste â˜‘ est juste pour TOUS et pas uniquement pour quelques-uns !,https://scontent-bru2-1.xx.fbcdn.net/v/t39.16868-6/s600x600/60792470_323886558285738_444852341489795072_n.jpg?_nc_cat=108&_nc_ohc=3xUYH9P_iyIAX9wEx1s&_nc_ht=scontent-bru2-1.xx&_nc_tp=1002&oh=287257b8f9c2c9a34ee28d65540b9d7e&oe=5EA7D642
67,14 mai 2019 - 25 mai 2019,Inactive,IDÂ : 2235229260065392,La vision de DÃ©FI est celle d'une sociÃ©tÃ© oÃ¹ #CeQuiEstJuste â˜‘ est juste pour TOUS et pas uniquement pour quelques-uns !,https://scontent-bru2-1.xx.fbcdn.net/v/t39.16868-6/s600x600/60681063_2235229276732057_8942069223908179968_n.jpg?_nc_cat=106&_nc_ohc=QaD8HP2mrlUAX-56FJt&_nc_ht=scontent-bru2-1.xx&_nc_tp=1002&oh=30bdfd1495f82770b54e447b49d5393b&oe=5EDA3BA1
68,14 mai 2019 - 25 mai 2019,Inactive,IDÂ : 1250212331802231,"DÃ©FI pense que #CeQuiEstJuste â˜‘, c'est de limiter le cumul des mandats !  âŒ Plus question d'Ãªtre ministre et bourgmestre en mÃªme temps !",https://scontent-bru2-1.xx.fbcdn.net/v/t39.16868-6/s600x600/60626525_1250212351802229_458051841142292480_n.jpg?_nc_cat=107&_nc_ohc=wSEP85j7wRwAX8uMYIM&_nc_ht=scontent-bru2-1.xx&_nc_tp=1002&oh=2cdaf25a4d9f8d6f5f369d22162241c7&oe=5EA4F7D9
69,14 mai 2019 - 25 mai 2019,Inactive,IDÂ : 579250272596865,"DÃ©FI pense que #CeQuiEstJuste â˜‘, c'est de limiter le cumul des mandats !  âŒ Plus question d'Ãªtre ministre et bourgmestre en mÃªme temps !",https://scontent-bru2-1.xx.fbcdn.net/v/t39.16868-6/s600x600/60724029_579250292596863_5449725646450196480_n.jpg?_nc_cat=103&_nc_ohc=YpgaqAAzSYwAX8AlG0N&_nc_ht=scontent-bru2-1.xx&_nc_tp=1002&oh=2edda3c0a0656fae43c83c6c3b61ad69&oe=5EDC1A54
70,9 mai 2019 - 25 mai 2019,Inactive,IDÂ : 373919876667007,"ğŸ—“ Le 26 mai, comme GrÃ©gory Vidal, votez Clairement plus juste ! â˜‘",https://scontent-bru2-1.xx.fbcdn.net/v/t39.16868-6/s600x600/58628404_373919896667005_2067031166719885312_n.jpg?_nc_cat=111&_nc_ohc=BF1pXc8QASEAX8vboS4&_nc_ht=scontent-bru2-1.xx&_nc_tp=1002&oh=f6fbc95220faee5d1b56cf4222e426c0&oe=5EDAAA69
71,9 mai 2019 - 25 mai 2019,Inactive,IDÂ : 582475628939772,"ğŸ—“ Le 26 mai, comme Jasmine Arendt, votez Clairement plus juste ! â˜‘",https://scontent-bru2-1.xx.fbcdn.net/v/t39.16868-6/s600x600/58792461_582475642273104_5570735778784346112_n.jpg?_nc_cat=102&_nc_ohc=2LFJ_Ejfbb0AX8-52Mi&_nc_ht=scontent-bru2-1.xx&_nc_tp=1002&oh=070d05c314845965809343e5759fdd4d&oe=5EA42E2E
72,8 mai 2019 - 25 mai 2019,Inactive,IDÂ : 429940754487219,"Le programme de DÃ©FI, c'est #CeQuiEstJuste pour tous ! â˜‘ Le 26 mai, votez pour un avenir Clairement plus juste pour l'Europe !  ğŸ‡§ğŸ‡ªğŸ‡ªğŸ‡º ğŸ‘‰ http://bit.ly/ProgrammesDÃ©FI2019",
73,7 mai 2019 - 25 mai 2019,Inactive,IDÂ : 592706764541703,"Le programme de DÃ©FI, c'est #CeQuiEstJuste pour tous ! â˜‘ Le 26 mai, votez pour un avenir Clairement plus juste pour les familles !  ğŸ‘¨â€ğŸ‘©â€ğŸ‘¦ğŸ‘¨â€ğŸ‘¨â€ğŸ‘¦ğŸ‘¨â€ğŸ‘§ ğŸ‘‰ http://bit.ly/ProgrammesDÃ©FI2019",
74,8 mai 2019 - 25 mai 2019,Inactive,IDÂ : 347333019301864,"Le programme de DÃ©FI, c'est #CeQuiEstJuste pour tous ! â˜‘ Le 26 mai, votez pour un avenir Clairement plus juste en matiÃ¨re d'enseignement !  ğŸ“ğŸ’¬ ğŸ‘‰ http://bit.ly/ProgrammesDÃ©FI2019",
75,7 mai 2019 - 25 mai 2019,Inactive,IDÂ : 628511274300051,"Le programme de DÃ©FI, c'est #CeQuiEstJuste pour tous ! â˜‘ Le 26 mai, votez pour un avenir Clairement plus juste en matiÃ¨re d'enseignement !  ğŸ“ğŸ““ ğŸ‘‰ http://bit.ly/ProgrammesDÃ©FI2019",
76,7 mai 2019 - 25 mai 2019,Inactive,IDÂ : 315277789168143,"Le programme de DÃ©FI, c'est #CeQuiEstJuste pour tous ! â˜‘ Le 26 mai, votez pour un avenir Clairement plus juste en matiÃ¨re d'allocations !  ğŸ’¶ğŸ  ğŸ‘‰ http://bit.ly/ProgrammesDÃ©FI2019",
77,9 mai 2019 - 25 mai 2019,Inactive,IDÂ : 1858650294235193,"ğŸ—“ Le 26 mai, comme Bernard Clerfayt, votez Clairement plus juste ! â˜‘",https://scontent-bru2-1.xx.fbcdn.net/v/t39.16868-6/s600x600/60094496_1858650317568524_7262659383933272064_n.jpg?_nc_cat=101&_nc_ohc=BoDvH6KXpjYAX_UzJv8&_nc_ht=scontent-bru2-1.xx&_nc_tp=1002&oh=7c2e9cd1e4c6f8536e95cbde86d3886d&oe=5EA29B78
78,8 mai 2019 - 25 mai 2019,Inactive,IDÂ : 1184251795069857,"Le programme de DÃ©FI, c'est #CeQuiEstJuste pour tous ! â˜‘ Le 26 mai, votez pour un avenir Clairement plus juste en matiÃ¨re de pensions !  ğŸ‘´ğŸ‘µ ğŸ‘‰ http://bit.ly/ProgrammesDÃ©FI2019",
79,7 mai 2019 - 25 mai 2019,Inactive,IDÂ : 426808188113285,"Le programme de DÃ©FI, c'est #CeQuiEstJuste pour tous ! â˜‘ Le 26 mai, votez pour un avenir Clairement plus juste en matiÃ¨re de justice !  âš–ğŸ‘¨â€âš– ğŸ‘‰ http://bit.ly/ProgrammesDÃ©FI2019",
80,7 mai 2019 - 25 mai 2019,Inactive,IDÂ : 849194188806599,"Les programmes de DÃ©FI, c'est #CeQuiEstJuste pour tous ! â˜‘ Le 26 mai, votez pour un avenir Clairement plus juste en matiÃ¨re d'Ã©nergie !  ğŸ¡âœ… ğŸ‘‰ http://bit.ly/ProgrammesDÃ©FI2019",
81,7 mai 2019 - 25 mai 2019,Inactive,IDÂ : 412296826227389,"Les programmes de DÃ©FI, c'est #CeQuiEstJuste pour tous ! â˜‘ Le 26 mai, votez pour un avenir Clairement plus juste en matiÃ¨re d'Ã©nergie !  ğŸ¡âœ… ğŸ‘‰ http://bit.ly/ProgrammesDÃ©FI2019",
82,8 mai 2019 - 25 mai 2019,Inactive,IDÂ : 2018476281594614,"Le programme de DÃ©FI, c'est #CeQuiEstJuste pour tous ! â˜‘ Le 26 mai, votez pour un avenir Clairement plus juste en matiÃ¨re d'impÃ´ts !  ğŸ’¶ğŸ™â€â™‚ ğŸ‘‰ http://bit.ly/ProgrammesDÃ©FI2019",
83,9 mai 2019 - 25 mai 2019,Inactive,IDÂ : 352104032326652,"ğŸ—“ Le 26 mai, comme Emmanuel De Bock, votez Clairement plus juste ! â˜‘",https://scontent-bru2-1.xx.fbcdn.net/v/t39.16868-6/s600x600/59036716_352104052326650_8996115249820073984_n.jpg?_nc_cat=111&_nc_ohc=s1OFQcsqzZEAX-AsO_R&_nc_ht=scontent-bru2-1.xx&_nc_tp=1002&oh=ecabf0ffe25829c3fab5155b7376faef&oe=5E8F42F6
84,10 mai 2019 - 25 mai 2019,Inactive,IDÂ : 378744526066380,"Le programme de DÃ©FI, c'est #CeQuiEstJuste pour tous ! â˜‘ Le 26 mai, votez pour un avenir Clairement plus juste en matiÃ¨re de mobilitÃ© ! ğŸšˆğŸš ğŸ‘‰ http://bit.ly/ProgrammesDÃ©FI2019",
85,7 mai 2019 - 25 mai 2019,Inactive,IDÂ : 1209272862573413,"Le programme de DÃ©FI, c'est #CeQuiEstJuste pour tous ! â˜‘ Le 26 mai, votez pour un avenir Clairement plus juste en matiÃ¨re de mobilitÃ© !  ğŸšˆğŸš ğŸ‘‰ http://bit.ly/ProgrammesDÃ©FI2019",
86,8 mai 2019 - 25 mai 2019,Inactive,IDÂ : 575958129477652,"Le programme de DÃ©FI, c'est #CeQuiEstJuste pour tous ! â˜‘ Le 26 mai, votez pour un avenir Clairement plus juste en matiÃ¨re de formation professionnelle !  ğŸ‘©â€ğŸ«ğŸ‘¨â€ğŸ“ ğŸ‘‰ http://bit.ly/ProgrammesDÃ©FI2019",
87,7 mai 2019 - 25 mai 2019,Inactive,IDÂ : 457135441725908,"Le programme de DÃ©FI, c'est #CeQuiEstJuste pour tous ! â˜‘ Le 26 mai, votez pour un avenir Clairement plus juste en matiÃ¨re de santÃ© !  ğŸ’ŠğŸ‘©â€âš• ğŸ‘‰ http://bit.ly/ProgrammesDÃ©FI2019",
88,7 mai 2019 - 25 mai 2019,Inactive,IDÂ : 717890931963293,"Le programme de DÃ©FI, c'est #CeQuiEstJuste pour tous ! â˜‘ Le 26 mai, votez pour un avenir Clairement plus juste en matiÃ¨re de citoyennetÃ© !  ğŸ–‹ğŸ‡§ğŸ‡ª ğŸ‘‰ http://bit.ly/ProgrammesDÃ©FI2019",
89,8 mai 2019 - 25 mai 2019,Inactive,IDÂ : 2005675193075282,"Le programme de DÃ©FI, c'est #CeQuiEstJuste pour tous ! â˜‘ Le 26 mai, votez pour un avenir Clairement plus juste en matiÃ¨re de mobilitÃ© ! ğŸšˆğŸš ğŸ‘‰ http://bit.ly/ProgrammesDÃ©FI2019",
90,8 mai 2019 - 25 mai 2019,Inactive,IDÂ : 396077144573414,"Le programme de DÃ©FI, c'est #CeQuiEstJuste pour tous ! â˜‘ Le 26 mai, votez pour un avenir Clairement plus juste pour en matiÃ¨re d'impÃ´ts !  ğŸ’¶ğŸ™â€â™‚ ğŸ‘‰ http://bit.ly/ProgrammesDÃ©FI2019",
91,7 mai 2019 - 25 mai 2019,Inactive,IDÂ : 1023132334556946,"Le programme de DÃ©FI, c'est #CeQuiEstJuste pour tous ! â˜‘ Le 26 mai, votez pour un avenir Clairement plus juste en matiÃ¨re d'aide aux victimes !  ğŸ¤•ğŸ¤ ğŸ‘‰ http://bit.ly/ProgrammesDÃ©FI2019",
92,8 mai 2019 - 25 mai 2019,Inactive,IDÂ : 1103834416467163,"Le programme de DÃ©FI, c'est #CeQuiEstJuste pour tous ! â˜‘ Le 26 mai, votez pour un avenir Clairement plus juste en matiÃ¨re de fiscalitÃ© internationale !  ğŸ’°ğŸŒ ğŸ‘‰ http://bit.ly/ProgrammesDÃ©FI2019",
93,8 mai 2019 - 25 mai 2019,Inactive,IDÂ : 2002333593223035,"Le programme de DÃ©FI, c'est #CeQuiEstJuste pour tous ! â˜‘ Le 26 mai, votez pour un avenir Clairement plus juste pour les indÃ©pendants et les PME !  ğŸ‘©â€ğŸ”§ğŸ‘¨â€ğŸ’¼ ğŸ‘‰ http://bit.ly/ProgrammesDÃ©FI2019",
94,7 mai 2019 - 25 mai 2019,Inactive,IDÂ : 531454394052641,"Le programme de DÃ©FI, c'est #CeQuiEstJuste pour tous ! â˜‘ Le 26 mai, votez pour un avenir Clairement plus juste en matiÃ¨re d'Ã©conomie de consommation !  ğŸ›ğŸ”„ ğŸ‘‰ http://bit.ly/ProgrammesDÃ©FI2019",
95,8 mai 2019 - 25 mai 2019,Inactive,IDÂ : 1055834317959340,"Le programme de DÃ©FI, c'est #CeQuiEstJuste pour tous ! â˜‘ Le 26 mai, votez pour un avenir Clairement plus juste en matiÃ¨re d'isolation et d'Ã©nergie !  ğŸ§±ğŸ  ğŸ‘‰ http://bit.ly/ProgrammesDÃ©FI2019",
96,9 mai 2019 - 25 mai 2019,Inactive,IDÂ : 2339949972915534,"ğŸ—“ Le 26 mai, comme Olivier Maingain, prÃ©sident de DÃ©FI, votez Clairement plus juste ! â˜‘",https://scontent-bru2-1.xx.fbcdn.net/v/t39.16868-6/s600x600/58948890_2339950002915531_7131124945341382656_n.jpg?_nc_cat=108&_nc_ohc=6CQzBmypte0AX8q_Ztx&_nc_ht=scontent-bru2-1.xx&_nc_tp=1002&oh=ea265b6ffcd7037382aefb8ae12fe463&oe=5E93F284
97,9 mai 2019 - 25 mai 2019,Inactive,IDÂ : 410943459457806,"ğŸ—“ Le 26 mai, comme Olivier Maingain, prÃ©sident de DÃ©FI, votez Clairement plus juste ! â˜‘",https://scontent-bru2-1.xx.fbcdn.net/v/t39.16868-6/s600x600/58751671_410943479457804_6724637815834935296_n.jpg?_nc_cat=104&_nc_ohc=2hq8fLACZ9YAX_i8_nB&_nc_ht=scontent-bru2-1.xx&_nc_tp=1002&oh=8a78f327938d42f507345ff6e064bd76&oe=5E9D6374
98,7 mai 2019 - 25 mai 2019,Inactive,IDÂ : 450927919047698,"Le programme de DÃ©FI, c'est #CeQuiEstJuste pour tous ! â˜‘ Le 26 mai, votez pour un avenir Clairement plus juste en matiÃ¨re de soins de santÃ© !  ğŸ’ŠğŸ‘¨â€âš• ğŸ‘‰ http://bit.ly/ProgrammesDÃ©FI2019",
99,9 mai 2019 - 25 mai 2019,Inactive,IDÂ : 844464342597405,"Le programme de DÃ©FI, c'est #CeQuiEstJuste pour tous ! â˜‘ Le 26 mai, votez pour un avenir Clairement plus juste en matiÃ¨re de bonne gouvernance et de transparence !  ğŸ‘¥ğŸ’¬ ğŸ‘‰ http://bit.ly/ProgrammesDÃ©FI2019",
100,14 mai 2019 - 25 mai 2019,Inactive,IDÂ : 686087601821911,"DÃ©FI pense que #CeQuiEstJuste â˜‘, câ€™est dâ€™associer les citoyens plus largement et directement Ã  lâ€™Ã©laboration des dÃ©cisions politiques en mettant en place des mÃ©canismes de dÃ©mocratie participative ğŸ—³âœğŸ¤",https://scontent-bru2-1.xx.fbcdn.net/v/t39.16868-6/s600x600/60691489_686087618488576_3964206208063111168_n.jpg?_nc_cat=100&_nc_ohc=cR3lk3zpM6YAX93zNS2&_nc_ht=scontent-bru2-1.xx&_nc_tp=1002&oh=eb17aba21bd2113324e0ae9df5ab3f8c&oe=5EDA9ACB
101,14 mai 2019 - 25 mai 2019,Inactive,IDÂ : 435399317217713,"DÃ©FI pense que #CeQuiEstJuste â˜‘, câ€™est dâ€™associer les citoyens plus largement et directement Ã  lâ€™Ã©laboration des dÃ©cisions politiques en mettant en place des mÃ©canismes de dÃ©mocratie participative ğŸ—³âœğŸ¤",https://scontent-bru2-1.xx.fbcdn.net/v/t39.16868-6/s600x600/60656593_435399343884377_974468826093584384_n.jpg?_nc_cat=105&_nc_ohc=WzHOSQr6BREAX9AXY9Z&_nc_ht=scontent-bru2-1.xx&_nc_tp=1002&oh=638bb4f022bb462ebb0180ad14b2a223&oe=5E909204
102,8 mai 2019 - 25 mai 2019,Inactive,IDÂ : 2293330024324475,"Le programme de DÃ©FI, c'est #CeQuiEstJuste pour tous ! â˜‘ Le 26 mai, votez pour un avenir Clairement plus juste en matiÃ¨re d'accÃ¨s Ã  la propriÃ©tÃ© !  ğŸ¡ğŸ‘« ğŸ‘‰ http://bit.ly/ProgrammesDÃ©FI2019",
103,7 mai 2019 - 25 mai 2019,Inactive,IDÂ : 292204325038790,"Le programme de DÃ©FI, c'est #CeQuiEstJuste pour tous ! â˜‘ Le 26 mai, votez pour un avenir Clairement plus juste en matiÃ¨re de participation du citoyen Ã  la politique !  ğŸ¤”ğŸ™‹â€â™‚ ğŸ‘‰ http://bit.ly/ProgrammesDÃ©FI2019",
104,12 mai 2019 - 22 mai 2019,Inactive,IDÂ : 668396233601858,"Nous avons parlÃ© avec vous de #CeQuiEstJuste â˜‘ Ã  LiÃ¨ge, Charleroi et Bruxelles... Nous continuons Ã  vous rencontrer ğŸ¤ tous les jours en Wallonie, Ã  Bruxelles et dans sa pÃ©riphÃ©rie !",
105,9 mai 2019 - 25 mai 2019,Inactive,IDÂ : 371684356775930,"ğŸ—“ Le 26 mai, comme CÃ©cile Jodogne, votez Clairement plus juste ! â˜‘",https://scontent-bru2-1.xx.fbcdn.net/v/t39.16868-6/s600x600/58739605_371684380109261_5387928913966006272_n.jpg?_nc_cat=100&_nc_ohc=AzUYWLdL_5gAX-be2hu&_nc_ht=scontent-bru2-1.xx&_nc_tp=1002&oh=09b09bd0f7944e0cd12705e893ea7fa8&oe=5E9CDBC7
106,9 mai 2019 - 12 mai 2019,Inactive,IDÂ : 2283434708539073,"#CeQuiEstJusteâ˜‘, c'est de ne pas priver un citoyen de ses allocations de chÃ´mage lorsqu'il entreprend une formation. Patrick Pynnaert Conseiller Provincial DÃ©FI Namur Ã©tait l'invitÃ© de Ma tÃ©lÃ© â–¶ http://bit.ly/YoutubeDÃ©FI",
107,21 mai 2019 - 25 mai 2019,Inactive,IDÂ : 847191292303335,"ğŸ‘âœŒ Selon un sondage Ipsos, 27% des Bruxellois voient en Bernard Clerfayt le meilleur candidat pour occuper la fonction de ministre-prÃ©sident !",https://scontent-bru2-1.xx.fbcdn.net/v/t39.16868-6/s600x600/61184553_847191315636666_5235108879448145920_n.jpg?_nc_cat=111&_nc_ohc=aDjXiKBxBPEAX8quzHt&_nc_ht=scontent-bru2-1.xx&_nc_tp=1002&oh=f5e496514a6f43385b79de5a8ec6b3ca&oe=5EA2DEC9
108,14 mai 2019 - 25 mai 2019,Inactive,IDÂ : 1030027840527751,"DÃ©FI est en faveur de la suppression de l'avantage fiscal accordÃ© aux employeurs mais, pour les employÃ©s, qui n'ont pas le choix que d'accepter une voiture-salaire ğŸš—, nous estimons que #CeQuiEstJuste â˜‘, c'est de compenser cette suppression par du salaire net ğŸ’¶",https://scontent-bru2-1.xx.fbcdn.net/v/t39.16868-6/s600x600/60819775_1030027857194416_8034093659857092608_n.jpg?_nc_cat=103&_nc_ohc=77pFoNKDwfUAX-Avr1m&_nc_ht=scontent-bru2-1.xx&_nc_tp=1002&oh=c3f755732114775bb1aa65da19a088a1&oe=5E994B22
109,14 mai 2019 - 25 mai 2019,Inactive,IDÂ : 2672849546077832,"DÃ©FI est en faveur de la suppression de l'avantage fiscal accordÃ© aux employeurs mais, pour les employÃ©s, qui n'ont pas le choix que d'accepter une voiture-salaire ğŸš—, nous estimons que #CeQuiEstJuste â˜‘, c'est de compenser cette suppression par du salaire net ğŸ’¶",https://scontent-bru2-1.xx.fbcdn.net/v/t39.16868-6/s600x600/60736742_2672849582744495_3534295039888850944_n.jpg?_nc_cat=109&_nc_ohc=DIUf45qa3bEAX_oaVLI&_nc_ht=scontent-bru2-1.xx&_nc_tp=1002&oh=cfabfebf6f30faa592e4abb86d4032e4&oe=5E943467
110,6 mai 2019 - 25 mai 2019,Inactive,IDÂ : 331095857607435,"#CeQuiEstJuste â˜‘  DÃ©FI veut ğ¢ğ¦ğ©ğ¨ğ¬ğğ« ğ®ğ§ğ ğ­ğšğ±ğ Ã©quivalente Ã  ğŸ‘% ğğ® ğœğ¡ğ¢ğŸğŸğ«ğ ğâ€™ğšğŸğŸğšğ¢ğ«ğğ¬ des sociÃ©tÃ©s de type ğ†ğ€ğ…ğ€ ğŸ’° (sociÃ©tÃ©s Google/Apple/Facebook/Amazone/Uber,â€¦) lorsquâ€™elles rÃ©alisent des chiffres dâ€™affaires dâ€™au moins 50 millions dâ€™euros dans lâ€™Union europÃ©enne ğŸ‡ªğŸ‡º",https://scontent-bru2-1.xx.fbcdn.net/v/t39.16868-6/s600x600/60046201_331095870940767_6043150737888772096_n.jpg?_nc_cat=103&_nc_ohc=OdzTMI9LiZEAX99t-PX&_nc_ht=scontent-bru2-1.xx&_nc_tp=1002&oh=b32a4a9e4d59d794daf8f9ceb2938297&oe=5E9B2DA8
111,7 mai 2019 - 25 mai 2019,Inactive,IDÂ : 328679324461018,"#CeQuiEstJuste â˜‘  DÃ©FI veut ğ¢ğ¦ğ©ğ¨ğ¬ğğ« ğ®ğ§ğ ğ­ğšğ±ğ Ã©quivalente Ã  ğŸ‘% ğğ® ğœğ¡ğ¢ğŸğŸğ«ğ ğâ€™ğšğŸğŸğšğ¢ğ«ğğ¬ des sociÃ©tÃ©s de type ğ†ğ€ğ…ğ€ ğŸ’° (sociÃ©tÃ©s Google/Apple/Facebook/Amazone/Uber,â€¦) lorsquâ€™elles rÃ©alisent des chiffres dâ€™affaires dâ€™au moins 50 millions dâ€™euros dans lâ€™Union europÃ©enne ğŸ‡ªğŸ‡º",https://scontent-bru2-1.xx.fbcdn.net/v/t39.16868-6/s600x600/60145821_2261045970802638_3629310840441667584_n.jpg?_nc_cat=107&_nc_ohc=q5wXxRc47hEAX-QNLXF&_nc_ht=scontent-bru2-1.xx&_nc_tp=1002&oh=dea661d8b7e9d5ab1f96bc75e9569e4c&oe=5EDB5033
112,7 mai 2019 - 25 mai 2019,Inactive,IDÂ : 430317190864497,"#CeQuiEstJuste â˜‘  DÃ©FI veut ğ¢ğ¦ğ©ğ¨ğ¬ğğ« ğ®ğ§ğ ğ­ğšğ±ğ Ã©quivalente Ã  ğŸ‘% ğğ® ğœğ¡ğ¢ğŸğŸğ«ğ ğâ€™ğšğŸğŸğšğ¢ğ«ğğ¬ des sociÃ©tÃ©s de type ğ†ğ€ğ…ğ€ ğŸ’° (sociÃ©tÃ©s Google/Apple/Facebook/Amazone/Uber,â€¦) lorsquâ€™elles rÃ©alisent des chiffres dâ€™affaires dâ€™au moins 50 millions dâ€™euros dans lâ€™Union europÃ©enne ğŸ‡ªğŸ‡º",https://scontent-bru2-1.xx.fbcdn.net/v/t39.16868-6/s600x600/60164716_424225808310226_6918539569021321216_n.jpg?_nc_cat=100&_nc_ohc=srhemj5ZQLAAX_JeL3s&_nc_ht=scontent-bru2-1.xx&_nc_tp=1002&oh=6b15b190421eb53ce4dbc387f467ee2d&oe=5EA0BDEE
113,6 mai 2019 - 25 mai 2019,Inactive,IDÂ : 2261045230802712,"#CeQuiEstJuste â˜‘  DÃ©FI veut ğ¢ğ¦ğ©ğ¨ğ¬ğğ« ğ®ğ§ğ ğ­ğšğ±ğ Ã©quivalente Ã  ğŸ‘% ğğ® ğœğ¡ğ¢ğŸğŸğ«ğ ğâ€™ğšğŸğŸğšğ¢ğ«ğğ¬ des sociÃ©tÃ©s de type ğ†ğ€ğ…ğ€ ğŸ’° (sociÃ©tÃ©s Google/Apple/Facebook/Amazone/Uber,â€¦) lorsquâ€™elles rÃ©alisent des chiffres dâ€™affaires dâ€™au moins 50 millions dâ€™euros dans lâ€™Union europÃ©enne ğŸ‡ªğŸ‡º",https://scontent-bru2-1.xx.fbcdn.net/v/t39.16868-6/s600x600/60145821_2261045970802638_3629310840441667584_n.jpg?_nc_cat=107&_nc_ohc=q5wXxRc47hEAX-QNLXF&_nc_ht=scontent-bru2-1.xx&_nc_tp=1002&oh=dea661d8b7e9d5ab1f96bc75e9569e4c&oe=5EDB5033
114,6 mai 2019 - 25 mai 2019,Inactive,IDÂ : 344553419745699,"#CeQuiEstJuste â˜‘  DÃ©FI veut ğ¢ğ¦ğ©ğ¨ğ¬ğğ« ğ®ğ§ğ ğ­ğšğ±ğ Ã©quivalente Ã  ğŸ‘% ğğ® ğœğ¡ğ¢ğŸğŸğ«ğ ğâ€™ğšğŸğŸğšğ¢ğ«ğğ¬ des sociÃ©tÃ©s de type ğ†ğ€ğ…ğ€ ğŸ’° (sociÃ©tÃ©s Google/Apple/Facebook/Amazone/Uber,â€¦) lorsquâ€™elles rÃ©alisent des chiffres dâ€™affaires dâ€™au moins 50 millions dâ€™euros dans lâ€™Union europÃ©enne ğŸ‡ªğŸ‡º",https://scontent-bru2-1.xx.fbcdn.net/v/t39.16868-6/s600x600/59960083_344553439745697_524377698244493312_n.jpg?_nc_cat=108&_nc_ohc=PM2n4QK8VQcAX-x8lqz&_nc_ht=scontent-bru2-1.xx&_nc_tp=1002&oh=4effd5ccf47fd1002e594c6c942b6345&oe=5ED43ECA
115,16 mai 2019 - 19 mai 2019,Inactive,IDÂ : 362074304436702,"#CeQuiEstJuste â˜‘, c'est de rÃ©flÃ©chir aux moyens de soutenir les entreprises qui initient de telles deÌmarches d'emploi pour les jeunes ! ğŸ‘‰ https://trends.levif.be/economie/magazine/cecile-jodogne/article-normal-1138103.html",https://scontent-bru2-1.xx.fbcdn.net/v/t1.6435-0/s600x600/60507409_2211667295547522_789689158242140160_n.png?_nc_cat=103&_nc_ohc=BLZteXxGYQIAX-wVcjN&_nc_ht=scontent-bru2-1.xx&oh=229ac960b3ab484ca9b0cf2d3fcc1485&oe=5E94638E
116,6 mai 2019 - 25 mai 2019,Inactive,IDÂ : 355142288678614,"#CeQuiEstJuste â˜‘  DÃ©FI exige lâ€™interdiction du ğ¬ğ®ğ«ğ¯ğ¨ğ¥ de la RÃ©gion bruxelloise âœˆ et de sa pÃ©riphÃ©rie ğğ§ğ­ğ«ğ ğŸğŸğ¡ ğğ­ ğŸ•ğ¡  du matin, comme cela est imposÃ© Ã  dâ€™autres aÃ©roports europÃ©ens sans que leur activitÃ© Ã©conomique en soit affaiblie. DÃ©FI exige le respect inconditionnel de lâ€™arrÃªtÃ© bruit dit Â« Gosuin Â», seule arme juridique pour la dÃ©fense des ğ©ğğ«ğ¬ğ¨ğ§ğ§ğğ¬ ğ¬ğ®ğ«ğ¯ğ¨ğ¥Ã©ğğ¬. Câ€™est grÃ¢ce Ã  cet arrÃªtÃ©, pris par le Ministre DÃ©FI Gosuin, que le gouvernement bruxellois peut aujourdâ€™hui exiger le ğ©ğšğ¢ğğ¦ğğ§ğ­ ğâ€™ğšğ¬ğ­ğ«ğğ¢ğ§ğ­ğğ¬ Ã  lâ€™Etat fÃ©dÃ©ral et agir en Justice âš–",https://scontent-bru2-1.xx.fbcdn.net/v/t39.16868-6/s600x600/60147528_355142325345277_4549675340737282048_n.jpg?_nc_cat=104&_nc_ohc=m38feeOO8sUAX_TJr4t&_nc_ht=scontent-bru2-1.xx&_nc_tp=1002&oh=083f2eefc94431a7efc503495cbd8974&oe=5EDBBAA5
117,16 mai 2019 - 20 mai 2019,Inactive,IDÂ : 391552564773432,DÃ©FI veut par ex. : ğŸ³â€ğŸŒˆ permettre le don de sang ğŸ’‰ par les hommes homosexuels en supprimant le critÃ¨re de temps d'abstinence ğŸ³â€ğŸŒˆ lutter contre le harcÃ¨lement de rue et les violences envers les couples du mÃªme sexe ğŸ³â€ğŸŒˆ soutenir financiÃ¨rement les associations LGBTQI C'est #CeQuiEstJuste â˜‘ğŸ‘‰ http://bit.ly/LGBTQIDÃ©FI,https://scontent-bru2-1.xx.fbcdn.net/v/t1.6435-0/s600x600/60987454_2213125942068324_1462103835035041792_n.png?_nc_cat=109&_nc_ohc=rkoVTAjgyvwAX8beoZS&_nc_ht=scontent-bru2-1.xx&oh=1c75f4a8b4767f396d519cbe54f9f568&oe=5EA4679A
118,6 mai 2019 - 25 mai 2019,Inactive,IDÂ : 303840750507703,"#CeQuiEstJuste â˜‘  DÃ©FI veut la ğ¬ğ­ğ«ğ¢ğœğ­ğ Ã©ğ ğšğ¥ğ¢ğ­Ã© ğğğ¬ ğ¬ğšğ¥ğšğ¢ğ«ğğ¬ entre femme et homme et toute discrimination doit Ãªtre sanctionnÃ©e sans faiblesse ğŸš¹ğŸšº DÃ©FI veut instaurer ğ®ğ§ ğ­ğğ¦ğ©ğ¬ ğğ ğ©ğšğ«ğğ§ğ­ğšğ¥ğ¢ğ­Ã© ğ¢ğğğ§ğ­ğ¢ğªğ®ğ pour les deux parents ğŸš¹ğŸš¼ğŸšº, soit 15 semaines chacun. Ainsi, la mÃ¨re ne sera plus discriminÃ©e Ã  lâ€™embauche au prÃ©texte que sa maternitÃ© serait une charge pour lâ€™employeur, et la prÃ©sence du pÃ¨re sera ainsi bÃ©nÃ©fique au dÃ©veloppement de lâ€™enfant",https://scontent-bru2-1.xx.fbcdn.net/v/t39.16868-6/s600x600/59980791_303840767174368_4827029249082785792_n.jpg?_nc_cat=102&_nc_ohc=Ajs3bSAS8jEAX9_I2Ob&_nc_ht=scontent-bru2-1.xx&_nc_tp=1002&oh=cc85d5f5b416db6ba1316b77f2157af8&oe=5ED00FC3
119,6 mai 2019 - 25 mai 2019,Inactive,IDÂ : 330942497569512,"#CeQuiEstJuste â˜‘  DÃ©FI veut la ğ¬ğ­ğ«ğ¢ğœğ­ğ Ã©ğ ğšğ¥ğ¢ğ­Ã© ğğğ¬ ğ¬ğšğ¥ğšğ¢ğ«ğğ¬ entre femme et homme et toute discrimination doit Ãªtre sanctionnÃ©e sans faiblesse ğŸš¹ğŸšº DÃ©FI veut instaurer ğ®ğ§ ğ­ğğ¦ğ©ğ¬ ğğ ğ©ğšğ«ğğ§ğ­ğšğ¥ğ¢ğ­Ã© ğ¢ğğğ§ğ­ğ¢ğªğ®ğ pour les deux parents ğŸš¹ğŸš¼ğŸšº, soit 15 semaines chacun. Ainsi, la mÃ¨re ne sera plus discriminÃ©e Ã  lâ€™embauche au prÃ©texte que sa maternitÃ© serait une charge pour lâ€™employeur, et la prÃ©sence du pÃ¨re sera ainsi bÃ©nÃ©fique au dÃ©veloppement de lâ€™enfant",https://scontent-bru2-1.xx.fbcdn.net/v/t39.16868-6/s600x600/60217423_330942514236177_8588000143024848896_n.jpg?_nc_cat=111&_nc_ohc=z-BVy9nZiBYAX-7Kk3H&_nc_ht=scontent-bru2-1.xx&_nc_tp=1002&oh=e84769ad96b7cb40751282a3015046f1&oe=5EA62E2C
120,6 mai 2019 - 25 mai 2019,Inactive,IDÂ : 591999524624098,"#CeQuiEstJuste â˜‘  PrioritÃ© Ã  la qualitÃ© de la ğŸğ¨ğ«ğ¦ğšğ­ğ¢ğ¨ğ§ ğŸ“, soutien Ã  la ğœğ«Ã©ğšğ­ğ¢ğ¨ğ§  de petites entreprises et Â« start-up Â» ğŸ‘”, Ã  lâ€™ğ¢ğ§ğ§ğ¨ğ¯ğšğ­ğ¢ğ¨ğ§ ğŸ›°, Ã  la ğ«ğğœğ¡ğğ«ğœğ¡ğ scientifique ğŸ§ª  DÃ©FI veut poursuivre et amplifier l'action de Didier Gosuin, considÃ©rÃ© comme le meilleur ministre de toute la Belgique pour les rÃ©sultats obtenus, en assumant la fonction de ministre-prÃ©sident de la RÃ©gion bruxelloise.  Et DÃ©FI veut partager cette performance de Didier Gosuin avec la Wallonie !",https://scontent-bru2-1.xx.fbcdn.net/v/t39.16868-6/s600x600/59995594_591999534624097_7876979542806495232_n.jpg?_nc_cat=100&_nc_ohc=XfBYW2kw6aQAX8oF8Kj&_nc_ht=scontent-bru2-1.xx&_nc_tp=1002&oh=8760d82ebed0513a3ac7062b40a13d65&oe=5E9E9844
121,6 mai 2019 - 25 mai 2019,Inactive,IDÂ : 387833458491567,"#CeQuiEstJuste â˜‘  PrioritÃ© Ã  la qualitÃ© de la ğŸğ¨ğ«ğ¦ğšğ­ğ¢ğ¨ğ§ ğŸ“, soutien Ã  la ğœğ«Ã©ğšğ­ğ¢ğ¨ğ§  de petites entreprises et Â« start-up Â» ğŸ‘”, Ã  lâ€™ğ¢ğ§ğ§ğ¨ğ¯ğšğ­ğ¢ğ¨ğ§ ğŸ›°, Ã  la ğ«ğğœğ¡ğğ«ğœğ¡ğ scientifique ğŸ§ª  DÃ©FI veut poursuivre et amplifier l'action de Didier Gosuin, considÃ©rÃ© comme le meilleur ministre de toute la Belgique pour les rÃ©sultats obtenus, en assumant la fonction de ministre-prÃ©sident de la RÃ©gion bruxelloise.  Et DÃ©FI veut partager cette performance de Didier Gosuin avec la Wallonie !",https://scontent-bru2-1.xx.fbcdn.net/v/t39.16868-6/s600x600/60196420_387833495158230_1743345646561132544_n.jpg?_nc_cat=110&_nc_ohc=UBH2KpnbxSQAX_2B4We&_nc_ht=scontent-bru2-1.xx&_nc_tp=1002&oh=efbbfccac0f0247b1918c9497ec0401c&oe=5ED45747
122,7 mai 2019 - 25 mai 2019,Inactive,IDÂ : 2301837533399277,"#CeQuiEstJuste â˜‘  Pour DÃ©FI, la nouvelle ğ©ğ¨ğ¥ğ¢ğ­ğ¢ğªğ®ğ ğğ§ğ¯ğ¢ğ«ğ¨ğ§ğ§ğğ¦ğğ§ğ­ğšğ¥ğ doit rÃ©guler lâ€™Ã©conomie de marchÃ© pour ğ©ğ«ğ¨ğ­Ã©ğ ğğ« ğ¥ğš ğ›ğ¢ğ¨ğğ¢ğ¯ğğ«ğ¬ğ¢ğ­Ã© et les ğ«ğğ¬ğ¬ğ¨ğ®ğ«ğœğğ¬ ğ§ğšğ­ğ®ğ«ğğ¥ğ¥ğğ¬ ğŸŒ¿, pour changer nettement les modes de consommation et permettre la crÃ©ation de nouveaux emplois. Le ğÃ©ğ¯ğğ¥ğ¨ğ©ğ©ğğ¦ğğ§ğ­ ğğ®ğ«ğšğ›ğ¥ğ â™» sera le fondement de la nouvelle croissance Ã©conomique et de lâ€™agriculture de demain.",https://scontent-bru2-1.xx.fbcdn.net/v/t39.16868-6/s600x600/60069295_356464778331472_1511216455352320000_n.jpg?_nc_cat=111&_nc_ohc=SpgTlRl-uI8AX9HLCxf&_nc_ht=scontent-bru2-1.xx&_nc_tp=1002&oh=da8197a27af3df54b270bfa6fb4abb6f&oe=5ED17366
123,7 mai 2019 - 25 mai 2019,Inactive,IDÂ : 434931807066586,"#CeQuiEstJuste â˜‘  Pour DÃ©FI, la nouvelle ğ©ğ¨ğ¥ğ¢ğ­ğ¢ğªğ®ğ ğğ§ğ¯ğ¢ğ«ğ¨ğ§ğ§ğğ¦ğğ§ğ­ğšğ¥ğ doit rÃ©guler lâ€™Ã©conomie de marchÃ© pour ğ©ğ«ğ¨ğ­Ã©ğ ğğ« ğ¥ğš ğ›ğ¢ğ¨ğğ¢ğ¯ğğ«ğ¬ğ¢ğ­Ã© et les ğ«ğğ¬ğ¬ğ¨ğ®ğ«ğœğğ¬ ğ§ğšğ­ğ®ğ«ğğ¥ğ¥ğğ¬ ğŸŒ¿, pour changer nettement les modes de consommation et permettre la crÃ©ation de nouveaux emplois. Le ğÃ©ğ¯ğğ¥ğ¨ğ©ğ©ğğ¦ğğ§ğ­ ğğ®ğ«ğšğ›ğ¥ğ â™» sera le fondement de la nouvelle croissance Ã©conomique et de lâ€™agriculture de demain.",https://scontent-bru2-1.xx.fbcdn.net/v/t39.16868-6/s600x600/59994283_362884607664782_3881310422967517184_n.jpg?_nc_cat=106&_nc_ohc=8bxAyQ3n6J4AX_IZfcJ&_nc_ht=scontent-bru2-1.xx&_nc_tp=1002&oh=23e225ee520e7ae256718063ca44f811&oe=5ED9A1FE
124,16 mai 2019 - 25 mai 2019,Inactive,IDÂ : 2356534734626107,ğŸ—³ Comment voter #CeQuiEstJuste â˜‘ aux Ã©lections du 26 mai prochain ?  Bernard Clerfayt vous l'explique ğŸ‘‡ğŸ‘‡ Comment voter en pÃ©riphÃ©rie ici ğŸ‘‰http://bit.ly/VotePÃ©riphÃ©rieDÃ©FI,
125,7 mai 2019 - 25 mai 2019,Inactive,IDÂ : 424476554951156,#CeQuiEstJuste â˜‘  DÃ©FI exigera la ğŸğ¢ğ§ ğğ ğ¥ğš ğœğ¥Ã© ğğ ğ«Ã©ğ©ğšğ«ğ­ğ¢ğ­ğ¢ğ¨ğ§ ğŸ”ğŸ  (pour la Flandre)/ğŸ’ğŸ (pour la Wallonie) en ce qui concerne les investissements dans le rail ğŸš„. Cette clÃ© est inique et inadaptÃ©e Ã  la rÃ©alitÃ© wallonne. La ğ–ğšğ¥ğ¥ğ¨ğ§ğ¢ğ ğğ¨ğ¢ğ­ ğ›Ã©ğ§Ã©ğŸğ¢ğœğ¢ğğ« ğâ€™ğ®ğ§ ğ¢ğ¦ğ©ğ¨ğ«ğ­ğšğ§ğ­ ğ©ğ¥ğšğ§ ğğ ğ«ğšğ­ğ­ğ«ğšğ©ğšğ ğ pour maintenir et ğ«ğğ§ğŸğ¨ğ«ğœğğ« ğ®ğ§ ğ¯Ã©ğ«ğ¢ğ­ğšğ›ğ¥ğ ğ¦ğšğ¢ğ¥ğ¥ğšğ ğ ğğ ğ­ğ«ğšğ§ğ¬ğ©ğ¨ğ«ğ­ğ¬ ğ©ğ®ğ›ğ¥ğ¢ğœğ¬ sur tout son territoire ğŸšŒğŸšˆ,https://scontent-bru2-1.xx.fbcdn.net/v/t39.16868-6/s600x600/59990311_2322655331280896_8047605609790439424_n.jpg?_nc_cat=107&_nc_ohc=MTa8LyDRGyIAX_s4An9&_nc_ht=scontent-bru2-1.xx&_nc_tp=1002&oh=ea0428d4efd47b875b3f518ea4803dc0&oe=5ED9073A
126,14 mai 2019 - 25 mai 2019,Inactive,IDÂ : 364083870752669,"#CeQuiEstJuste â˜‘, câ€™est dâ€™investir massivement dans les transports publics afin dâ€™assurer un maillage complet de la RÃ©gion. Nous plaidons, par ex., pour l'allongement des lignes de mÃ©tro ğŸšˆ, pour la crÃ©ation de nouvelles lignes et le renforcement du train dans Bruxelles ğŸš„",https://scontent-bru2-1.xx.fbcdn.net/v/t39.16868-6/s600x600/60752736_364083884086001_6405113826928230400_n.jpg?_nc_cat=107&_nc_ohc=PlmB-1oqTEUAX_rB0Qk&_nc_ht=scontent-bru2-1.xx&_nc_tp=1002&oh=d172e773c69af2df743cc259b0a453d3&oe=5EDB9414
127,6 mai 2019 - 25 mai 2019,Inactive,IDÂ : 460578897846291,"#CeQuiEstJuste â˜‘  DÃ©FI veut ğ«ğğ§ğŸğ¨ğ«ğœğğ« lâ€™Europe ğŸ‡ªğŸ‡º de la ğ¬ğ¨ğ¥ğ¢ğğšğ«ğ¢ğ­Ã© entre Etats et de la ğ©ğ«ğ¨ğ­ğğœğ­ğ¢ğ¨ğ§ des citoyens en instaurant un socle commun de droits sociaux.  Lâ€™harmonisation de la ğŸğ¢ğ¬ğœğšğ¥ğ¢ğ­Ã© est nÃ©cessaire au renforcement du ğ©ğ¨ğ®ğ¯ğ¨ğ¢ğ« ğ'ğšğœğ¡ğšğ­ et au dÃ©veloppement de lâ€™Ã©conomie de la zone euro ğŸ’¶. GrÃ¢ce Ã  cette harmonisation, les  ğğŒğ„ travailleront, en plus grande sÃ©curitÃ©, sans subir une concurrence dÃ©loyale.",https://scontent-bru2-1.xx.fbcdn.net/v/t39.16868-6/s600x600/59960084_460578907846290_6690951386605027328_n.jpg?_nc_cat=102&_nc_ohc=Uf4FCghODnkAX9OfPCB&_nc_ht=scontent-bru2-1.xx&_nc_tp=1002&oh=592a79c5407b2ebea9f5c11b1d4aef1e&oe=5E97E372
128,6 mai 2019 - 25 mai 2019,Inactive,IDÂ : 2265869916839803,"#CeQuiEstJuste â˜‘  DÃ©FI veut ğ«ğğ§ğŸğ¨ğ«ğœğğ« lâ€™Europe ğŸ‡ªğŸ‡º de la ğ¬ğ¨ğ¥ğ¢ğğšğ«ğ¢ğ­Ã© entre Etats et de la ğ©ğ«ğ¨ğ­ğğœğ­ğ¢ğ¨ğ§ des citoyens en instaurant un socle commun de droits sociaux.  Lâ€™harmonisation de la ğŸğ¢ğ¬ğœğšğ¥ğ¢ğ­Ã© est nÃ©cessaire au renforcement du ğ©ğ¨ğ®ğ¯ğ¨ğ¢ğ« ğ'ğšğœğ¡ğšğ­ et au dÃ©veloppement de lâ€™Ã©conomie de la zone euro ğŸ’¶. GrÃ¢ce Ã  cette harmonisation, les  ğğŒğ„ travailleront, en plus grande sÃ©curitÃ©, sans subir une concurrence dÃ©loyale.",https://scontent-bru2-1.xx.fbcdn.net/v/t39.16868-6/s600x600/60068501_2265869950173133_285075709787897856_n.jpg?_nc_cat=104&_nc_ohc=KAZ9WVWwpmkAX-DCbCB&_nc_ht=scontent-bru2-1.xx&_nc_tp=1002&oh=64088fa7e186542db1041495fbf28a25&oe=5E982EBE
129,21 mai 2019 - 25 mai 2019,Inactive,IDÂ : 608204203017132,"âš  Suite Ã  une erreur des services d'enregistrement de notre liste en Brabant wallon, Josiane Conrardy-Leyre sera reprise sur la liste 11 sous l'unique nom de Josiane Leyre !  â–¶ http://bit.ly/ConrardyLeyreBW",https://scontent-bru2-1.xx.fbcdn.net/v/t1.6435-0/s600x600/60884113_2220010011379917_6933072020364066816_n.png?_nc_cat=108&_nc_ohc=a5JXYypd0UcAX8thacc&_nc_ht=scontent-bru2-1.xx&oh=3eccd623dca6053c9f62cb45c7e4ee35&oe=5E8F1373
130,21 mai 2019 - 25 mai 2019,Inactive,IDÂ : 1231200213697229,"#CeQuiEstJuste â˜‘, c'est de promouvoir le droit Ã  la formation pour les jeunes ğŸ‘¨â€ğŸ“... mais aussi tout au long de la carriÃ¨re professionnelle ! ğŸ‘©â€ğŸ« Thomas Dechaineux sur RTC TÃ©lÃ© LiÃ¨ge ğŸ‘‰https://www.rtc.be/video/info/elections-2019/elections-2019-economie-emploi-matieres-regionales_1501793_325.html",
131,14 mai 2019 - 25 mai 2019,Inactive,IDÂ : 2247876805528744,"#CeQuiEstJuste â˜‘, c'est d'Ã©valuer les besoins Ã©conomiques de la Belgique ğŸ‡§ğŸ‡ª de maniÃ¨re objective et permanente afin d'Ã©tablir sur cette base des quotas de visas pour des sÃ©jours Ã©conomiques temporaires durant lesquels les personnes accueillies bÃ©nÃ©ficieront dâ€™une formation professionnelle et linguistique ğŸ‘¨â€ğŸ«ğŸ‘©â€ğŸ’¼",https://scontent-bru2-1.xx.fbcdn.net/v/t39.16868-6/s600x600/60837418_2247876822195409_5141062710712074240_n.jpg?_nc_cat=103&_nc_ohc=FRcbmNrH-sYAX-lbkZo&_nc_ht=scontent-bru2-1.xx&_nc_tp=1002&oh=270e212ae86039b878bb3b2106979766&oe=5EA0B7F2
132,14 mai 2019 - 25 mai 2019,Inactive,IDÂ : 347088992639132,"#CeQuiEstJuste â˜‘, c'est d'Ã©valuer les besoins Ã©conomiques de la Belgique ğŸ‡§ğŸ‡ª de maniÃ¨re objective et permanente afin d'Ã©tablir sur cette base des quotas de visas pour des sÃ©jours Ã©conomiques temporaires durant lesquels les personnes accueillies bÃ©nÃ©ficieront dâ€™une formation professionnelle et linguistique ğŸ‘¨â€ğŸ«ğŸ‘©â€ğŸ’¼",https://scontent-bru2-1.xx.fbcdn.net/v/t39.16868-6/s600x600/60714024_347089009305797_619962453115011072_n.jpg?_nc_cat=106&_nc_ohc=YP6jk6vhY3QAX8y8Dl4&_nc_ht=scontent-bru2-1.xx&_nc_tp=1002&oh=9baa8350cd551df5269a3964971325f2&oe=5ED532CA
133,23 mai 2019 - 25 mai 2019,Inactive,IDÂ : 2294508710625749,"Si vous hÃ©sitez encore.. N'hÃ©sitez plus, votez Clairement plus juste ! ğŸ—³ #CeQuiEstJuste dÃ©fendu par Olivier Maingain lors du dÃ©bat des prÃ©sidents de la RTBF  ğŸ‘‰ http://bit.ly/MaingainRTBF",
134,14 mai 2019 - 25 mai 2019,Inactive,IDÂ : 325729138089843,"#CeQuiEstJuste â˜‘, câ€™est que tout le monde puisse bÃ©nÃ©ficier des avantages de la transition numÃ©rique ğŸ’» et moderniser sans exclure. Nous proposons de continuer Ã  soutenir les rÃ©seaux dâ€™accompagnement au numÃ©rique en mettant Ã  disposition des ressources pÃ©dagogiques ğŸ“š et des formations accessibles gratuitement.",https://scontent-bru2-1.xx.fbcdn.net/v/t39.16868-6/s600x600/60666745_325729151423175_9073500578989998080_n.jpg?_nc_cat=100&_nc_ohc=iNMVotMjUhoAX_qVNH4&_nc_ht=scontent-bru2-1.xx&_nc_tp=1002&oh=151bfe8eb034ab88a0707112ce4c16ea&oe=5EDB9A8F
135,14 mai 2019 - 25 mai 2019,Inactive,IDÂ : 285104215774661,"#CeQuiEstJuste â˜‘, câ€™est que tout le monde puisse bÃ©nÃ©ficier des avantages de la transition numÃ©rique ğŸ’» et moderniser sans exclure. Nous proposons de continuer Ã  soutenir les rÃ©seaux dâ€™accompagnement au numÃ©rique en mettant Ã  disposition des ressources pÃ©dagogiques ğŸ“š et des formations accessibles gratuitement.",https://scontent-bru2-1.xx.fbcdn.net/v/t39.16868-6/s600x600/60703983_285104225774660_2388744807263502336_n.jpg?_nc_cat=105&_nc_ohc=qMx-GLeu2JEAX_EWU5W&_nc_ht=scontent-bru2-1.xx&_nc_tp=1002&oh=e23687a77d2a5ad2406ba461c4c2a164&oe=5E9C6854
136,14 mai 2019 - 25 mai 2019,Inactive,IDÂ : 2294251200849057,"#CeQuiEstJuste â˜‘, câ€™est dâ€™offrir un accompagnement ğŸ‘« pour chaque chercheur d'emploi en lui proposant soit un emploi, soit une formation ğŸ“, soit un stage dans les 6 mois aprÃ¨s son inscription, comme nous l'avons mis en place Ã  Bruxelles lors de cette lÃ©gislature via notre Ministre Didier Gosuin",https://scontent-bru2-1.xx.fbcdn.net/v/t39.16868-6/s600x600/60749090_2294251227515721_2960159827692617728_n.jpg?_nc_cat=106&_nc_ohc=gme2P1JJJ-0AX9-rJDM&_nc_ht=scontent-bru2-1.xx&_nc_tp=1002&oh=00a42ea40be5d2390179d7b442b5133c&oe=5E8D344E
137,14 mai 2019 - 25 mai 2019,Inactive,IDÂ : 827307747646837,"#CeQuiEstJuste â˜‘, câ€™est dâ€™offrir un accompagnement ğŸ‘« pour chaque chercheur d'emploi en lui proposant soit un emploi, soit une formation ğŸ“, soit un stage dans les 6 mois aprÃ¨s son inscription, comme nous l'avons mis en place Ã  Bruxelles lors de cette lÃ©gislature via notre Ministre Didier Gosuin",https://scontent-bru2-1.xx.fbcdn.net/v/t39.16868-6/s600x600/60716766_827307764313502_827979904082509824_n.jpg?_nc_cat=100&_nc_ohc=eyd2tWQ3GlsAX_mcAsO&_nc_ht=scontent-bru2-1.xx&_nc_tp=1002&oh=b1c3ced84733cb0cd64777886e4288ac&oe=5EA53D19
138,14 mai 2019 - 25 mai 2019,Inactive,IDÂ : 2016677678442002,"#CeQuiEstJuste â˜‘, câ€™est que le citoyen se rÃ©approprie la sphÃ¨re publique en renforÃ§ant la proximitÃ© et la transparence de notre systÃ¨me. Nous voulons simplifier nos institutions, diminuer le nombre de mandataires ainsi que leur rÃ©munÃ©ration et mettre en place des mÃ©canismes de dÃ©mocratie participative.",https://scontent-bru2-1.xx.fbcdn.net/v/t39.16868-6/s600x600/60631141_2016677715108665_9129353884190375936_n.jpg?_nc_cat=102&_nc_ohc=BNCgX2OaMawAX8Iscas&_nc_ht=scontent-bru2-1.xx&_nc_tp=1002&oh=80654efba0fa4ec70e86c464242d4f60&oe=5E9E9AB8
139,14 mai 2019 - 25 mai 2019,Inactive,IDÂ : 2018701695103337,"#CeQuiEstJuste â˜‘, câ€™est que le citoyen se rÃ©approprie la sphÃ¨re publique en renforÃ§ant la proximitÃ© et la transparence de notre systÃ¨me. Nous voulons simplifier nos institutions, diminuer le nombre de mandataires ainsi que leur rÃ©munÃ©ration et mettre en place des mÃ©canismes de dÃ©mocratie participative.",https://scontent-bru2-1.xx.fbcdn.net/v/t39.16868-6/s600x600/60632084_2018701708436669_8129507543748706304_n.jpg?_nc_cat=100&_nc_ohc=fIZ8JN2QAJIAX-ukfOy&_nc_ht=scontent-bru2-1.xx&_nc_tp=1002&oh=f08cf7f68745061146042a60e8917442&oe=5E9C528F
140,9 mai 2019 - 14 mai 2019,Inactive,IDÂ : 595254627647475,"#CeQuiEstJuste â˜‘, c'est de pouvoir bÃ©nÃ©ficier d'allocations de chÃ´mage quel que soit son statut !  Patrice Horn Ã©tait l'invitÃ© de TV Com, Votre tÃ©lÃ©vision en Brabant wallon ğŸ‘‰ http://bit.ly/YoutubeDÃ©FI",
141,14 mai 2019 - 19 mai 2019,Inactive,IDÂ : 456750425128223,"âœŒ La Protection des Oiseaux - LRBPO nous donne 10/10 parce que #CeQuiEstJuste â˜‘, c'est de soutenir le dÃ©veloppement dâ€™une agriculture Ã©cologique durable et favorable au maintien dâ€™une flore et dâ€™une faune diversifiÃ©es ğŸ¦ğŸŒ³ ğŸ‘‰ http://bit.ly/BiodiversitÃ©DÃ©FI",https://scontent-bru2-1.xx.fbcdn.net/v/t1.6435-0/s600x600/60096324_2209797452401173_3034473641065578496_n.png?_nc_cat=103&_nc_ohc=ZoC-qdDQkdwAX9OMT1-&_nc_ht=scontent-bru2-1.xx&oh=f3ec5b12939d90c05560725f8c5d5ef5&oe=5E9DECB8
142,6 mai 2019 - 25 mai 2019,Inactive,IDÂ : 436438760441323,"#CeQuiEstJuste â˜‘  Le Conseil de lâ€™Europe et le ComitÃ© des droits de lâ€™Homme des Nations Unies rappellent rÃ©guliÃ¨rement Ã  lâ€™ordre la Belgique ğŸ‡§ğŸ‡ª car elle ne respecte pas la convention-cadre sur la ğ©ğ«ğ¨ğ­ğğœğ­ğ¢ğ¨ğ§ ğğğ¬ ğ¦ğ¢ğ§ğ¨ğ«ğ¢ğ­Ã©ğ¬ ğ§ğšğ­ğ¢ğ¨ğ§ğšğ¥ğğ¬. DÃ©FI veut lâ€™application sans rÃ©serve de cette convention-cadre, au bÃ©nÃ©fice de toutes les minoritÃ©s linguistiques, oÃ¹ quâ€™elles soient Ã©tablies en Belgique. Il est temps que chaque pouvoir concourt Ã  lâ€™apaisement communautaire en ğ«ğğ¬ğ©ğğœğ­ğšğ§ğ­ ğ¥ğğ¬ ğ¨ğ›ğ¥ğ¢ğ ğšğ­ğ¢ğ¨ğ§ğ¬ ğªğ®ğ ğ«ğğœğ¨ğ¦ğ¦ğšğ§ğğğ§ğ­ ğ¥ğğ¬ ğ¢ğ§ğ¬ğ­ğ¢ğ­ğ®ğ­ğ¢ğ¨ğ§ğ¬ ğ¢ğ§ğ­ğğ«ğ§ğšğ­ğ¢ğ¨ğ§ğšğ¥ğğ¬ ğğ­ ğğ®ğ«ğ¨ğ©Ã©ğğ§ğ§ğğ¬ ğŸ‡ªğŸ‡º",https://scontent-bru2-1.xx.fbcdn.net/v/t39.16868-6/s600x600/60115137_436438777107988_4344565071528067072_n.jpg?_nc_cat=103&_nc_ohc=GDI-1_VrP-wAX-Mg8zJ&_nc_ht=scontent-bru2-1.xx&_nc_tp=1002&oh=625b261ee0e3a528f2bd4cb19b188197&oe=5EA1F017
143,16 mai 2019 - 19 mai 2019,Inactive,IDÂ : 299666370978042,La maÃ®trise des apprentissages de base et de la langue franÃ§aise est la clÃ© de la rÃ©ussite scolaire et c'est #CeQuiEstJuste â˜‘ Jasmine Arendt Ã©tait l'invitÃ© de TV Lux â–¶ http://bit.ly/YoutubeDÃ©FI,
144,15 mai 2019 - 18 mai 2019,Inactive,IDÂ : 451249428753838,"Jean-NoÃ«l Gillard ""On parle trop peu dâ€™avenir or câ€™est bien lâ€™enjeu de lâ€™enseignement et de la formation. Il y a encore plein dâ€™inÃ©galitÃ©s en RÃ©gion wallonne et tout spÃ©cialement dans notre bassin""  â–¶ http://bit.ly/JNGillardDÃ©FI",https://scontent-bru2-1.xx.fbcdn.net/v/t1.6435-0/s600x600/60466014_2210269905687261_8997893168712122368_n.png?_nc_cat=109&_nc_ohc=lPMPhbhjAqYAX_QXESh&_nc_ht=scontent-bru2-1.xx&oh=285e6c1c5b8e36178e50ebd3f6a3beff&oe=5E9B9770
145,9 mai 2019 - 25 mai 2019,Inactive,IDÂ : 348111685910203,"ğŸ—“ Le 26 mai, comme Emma Itoua, votez Clairement plus juste ! â˜‘",https://scontent-bru2-1.xx.fbcdn.net/v/t39.16868-6/s600x600/58671020_348111712576867_392565199174893568_n.jpg?_nc_cat=103&_nc_ohc=0gKRhMkcubQAX8TItk9&_nc_ht=scontent-bru2-1.xx&_nc_tp=1002&oh=bd46ea74c34dc8afe0b642036d182cd1&oe=5E94BC39
146,7 mai 2019 - 25 mai 2019,Inactive,IDÂ : 179463036290318,"#CeQuiEstJuste â˜‘  Le rejet Ã  la mer ğŸŒŠ des dÃ©chets les plus polluants est une des atteintes les plus graves Ã  la biodiversitÃ©. La pollution par les plastiques est ğ¢ğ§ğ¬ğ®ğ©ğ©ğ¨ğ«ğ­ğšğ›ğ¥ğ. DÃ©FI exige lâ€™ğ¢ğ§ğ­ğğ«ğğ¢ğœğ­ğ¢ğ¨ğ§ ğ­ğ¨ğ­ğšğ¥ğ et Ã  trÃ¨s brÃ¨ve Ã©chÃ©ance de sacs en plastique et de tous autres ustensiles en plastique, fabriquÃ©s au dÃ©part de produits pÃ©troliers ğŸ›. Les organisateurs dâ€™Ã©vÃ©nements seront contraints dâ€™utiliser que des matÃ©riaux recyclables. La pollution par les mÃ©gots de cigarette ğŸš¬ abandonnÃ©s dans lâ€™espace public est tout aussi ğğšğ§ğ ğğ«ğğ®ğ¬ğ pour la nature. Un plan de collecte de ces mÃ©gots doit Ãªtre systÃ©matiquement mis en place.",https://scontent-bru2-1.xx.fbcdn.net/v/t39.16868-6/s600x600/60043901_819655875068001_7221522169992314880_n.jpg?_nc_cat=107&_nc_ohc=CCJaCelKAFsAX9N1NFE&_nc_ht=scontent-bru2-1.xx&_nc_tp=1002&oh=9f2f93c55d377ba75d94712068492ed0&oe=5EDB4C48
147,7 mai 2019 - 25 mai 2019,Inactive,IDÂ : 2591570117584500,"#CeQuiEstJuste â˜‘  Le rejet Ã  la mer ğŸŒŠ des dÃ©chets les plus polluants est une des atteintes les plus graves Ã  la biodiversitÃ©. La pollution par les plastiques est ğ¢ğ§ğ¬ğ®ğ©ğ©ğ¨ğ«ğ­ğšğ›ğ¥ğ. DÃ©FI exige lâ€™ğ¢ğ§ğ­ğğ«ğğ¢ğœğ­ğ¢ğ¨ğ§ ğ­ğ¨ğ­ğšğ¥ğ et Ã  trÃ¨s brÃ¨ve Ã©chÃ©ance de sacs en plastique et de tous autres ustensiles en plastique, fabriquÃ©s au dÃ©part de produits pÃ©troliers ğŸ›. Les organisateurs dâ€™Ã©vÃ©nements seront contraints dâ€™utiliser que des matÃ©riaux recyclables. La pollution par les mÃ©gots de cigarette ğŸš¬ abandonnÃ©s dans lâ€™espace public est tout aussi ğğšğ§ğ ğğ«ğğ®ğ¬ğ pour la nature. Un plan de collecte de ces mÃ©gots doit Ãªtre systÃ©matiquement mis en place.",https://scontent-bru2-1.xx.fbcdn.net/v/t39.16868-6/s600x600/60014372_2425723690990339_8958072727319609344_n.jpg?_nc_cat=109&_nc_ohc=O7IyqTyZ2AUAX8LB29P&_nc_ht=scontent-bru2-1.xx&_nc_tp=1002&oh=e68c6fa235d7e45eb0e4dba702b3c827&oe=5E9CE562
148,15 mai 2019 - 25 mai 2019,Inactive,IDÂ : 1042790305911430,"#CeQuiEstJuste â˜‘, c'est de crÃ©er une circonscription fÃ©dÃ©rale au sein de laquelle les Ã©lecteurs de tout le pays pourraient Ã©lire 10 dÃ©putÃ©s sur 150, 5 sur des listes flamandes et 5 sur des listes francophones. En effet, une telle circonscription donnerait aux citoyens francophones de Flandre mais aussi Ã  la minoritÃ© nÃ©erlandophone de Wallonie et de Bruxelles la possibilitÃ© de voter pour des personnalitÃ©s issues de leur propre groupe linguistique.",https://scontent-bru2-1.xx.fbcdn.net/v/t39.16868-6/s600x600/60871883_1042790319244762_2635937565470883840_n.jpg?_nc_cat=107&_nc_ohc=xhA9785FUKQAX_tdWvp&_nc_ht=scontent-bru2-1.xx&_nc_tp=1002&oh=ea353fdf50839d382b47eadcd9e2eed5&oe=5EA4A4A0
149,14 mai 2019 - 25 mai 2019,Inactive,IDÂ : 406220199963348,"#CeQuiEstJuste â˜‘, c'est de crÃ©er une circonscription fÃ©dÃ©rale au sein de laquelle les Ã©lecteurs de tout le pays pourraient Ã©lire 10 dÃ©putÃ©s sur 150, 5 sur des listes flamandes et 5 sur des listes francophones. En effet, une telle circonscription donnerait aux citoyens francophones de Flandre mais aussi Ã  la minoritÃ© nÃ©erlandophone de Wallonie et de Bruxelles la possibilitÃ© de voter pour des personnalitÃ©s issues de leur propre groupe linguistique.",https://scontent-bru2-1.xx.fbcdn.net/v/t39.16868-6/s600x600/60845358_406220223296679_490643337179561984_n.jpg?_nc_cat=109&_nc_ohc=K8F4OnvU3GwAX_JGlC6&_nc_ht=scontent-bru2-1.xx&_nc_tp=1002&oh=de6926b35d9073b99d833b9e4b3eb89a&oe=5E9E156C
150,14 mai 2019 - 25 mai 2019,Inactive,IDÂ : 581357475693347,"#CeQuiEstJuste â˜‘, c'est de crÃ©er une circonscription fÃ©dÃ©rale au sein de laquelle les Ã©lecteurs de tout le pays pourraient Ã©lire 10 dÃ©putÃ©s sur 150, 5 sur des listes flamandes et 5 sur des listes francophones. En effet, une telle circonscription donnerait aux citoyens francophones de Flandre mais aussi Ã  la minoritÃ© nÃ©erlandophone de Wallonie et de Bruxelles la possibilitÃ© de voter pour des personnalitÃ©s issues de leur propre groupe linguistique.",https://scontent-bru2-1.xx.fbcdn.net/v/t39.16868-6/s600x600/60646618_581357495693345_8429265796806475776_n.jpg?_nc_cat=109&_nc_ohc=c7Fae7Ck-l8AX8afp6l&_nc_ht=scontent-bru2-1.xx&_nc_tp=1002&oh=73b7b1f0a983c7aa7f809647fd354802&oe=5EA47CC5
151,15 mai 2019 - 25 mai 2019,Inactive,IDÂ : 2421148078170588,"#CeQuiEstJuste â˜‘, c'est de crÃ©er une circonscription fÃ©dÃ©rale au sein de laquelle les Ã©lecteurs de tout le pays pourraient Ã©lire 10 dÃ©putÃ©s sur 150, 5 sur des listes flamandes et 5 sur des listes francophones. En effet, une telle circonscription donnerait aux citoyens francophones de Flandre mais aussi Ã  la minoritÃ© nÃ©erlandophone de Wallonie et de Bruxelles la possibilitÃ© de voter pour des personnalitÃ©s issues de leur propre groupe linguistique.",https://scontent-bru2-1.xx.fbcdn.net/v/t39.16868-6/s600x600/60813118_2421148108170585_919846067678216192_n.jpg?_nc_cat=110&_nc_ohc=UJGnsRW-tuQAX-OBpMf&_nc_ht=scontent-bru2-1.xx&_nc_tp=1002&oh=54dd0390186456972a1142a2c75529e2&oe=5E91E53D
152,3 mai 2019 - 5 mai 2019,Inactive,IDÂ : 306942863567266,"Mourad Abdelali expliquait #CeQuiEstJuste â˜‘ en matiÃ¨re d'enseignement sur TV Com, Votre tÃ©lÃ©vision en Brabant wallon : ""nous souhaitons avant tout dÃ©velopper le bien-Ãªtre Ã  lâ€™Ã©cole, lâ€™esprit critique des enfants et lâ€™empathie au sein de toute la communautÃ© scolaire""  â–¶ http://bit.ly/AbdelaliEnseignement",
153,21 mai 2019 - 25 mai 2019,Inactive,IDÂ : 325213618156574,"#CeQuiEstJuste â˜‘, câ€™est que toutes les formes de revenus (patrimoine, mobilier et immobilier, sauf la rÃ©sidence principale) soient imposÃ©es, comme aux Pays-Bas, selon deux systÃ¨mes distincts. Simple et transparent, ce systÃ¨me permet de diminuer le risque dâ€™Ã©vasion des capitaux et de fraude fiscale. Comme Ã  lâ€™impÃ´t des personnes physiques, une partie de la base imposable et/ou des revenus du patrimoine (quotitÃ© exemptÃ©e dâ€™impÃ´t) ne sera pas soumise Ã  lâ€™impÃ´t.",https://scontent-bru2-1.xx.fbcdn.net/v/t39.16868-6/s600x600/61358478_325213631489906_4026349930955145216_n.jpg?_nc_cat=100&_nc_ohc=NOFjIAZr8n4AX8kgArm&_nc_ht=scontent-bru2-1.xx&_nc_tp=1002&oh=5db3d26ac1c6046ac7ccdb0002a53ca5&oe=5ED12129
154,21 mai 2019 - 25 mai 2019,Inactive,IDÂ : 1128006467408157,"#CeQuiEstJuste â˜‘, câ€™est que toutes les formes de revenus (patrimoine, mobilier et immobilier, sauf la rÃ©sidence principale) soient imposÃ©es, comme aux Pays-Bas, selon deux systÃ¨mes distincts. Simple et transparent, ce systÃ¨me permet de diminuer le risque dâ€™Ã©vasion des capitaux et de fraude fiscale. Comme Ã  lâ€™impÃ´t des personnes physiques, une partie de la base imposable et/ou des revenus du patrimoine (quotitÃ© exemptÃ©e dâ€™impÃ´t) ne sera pas soumise Ã  lâ€™impÃ´t.",https://scontent-bru2-1.xx.fbcdn.net/v/t39.16868-6/s600x600/61280303_1128006477408156_6018756388799381504_n.jpg?_nc_cat=107&_nc_ohc=pnaOcuyvF5cAX9eCHtQ&_nc_ht=scontent-bru2-1.xx&_nc_tp=1002&oh=3d8a1f724e85e030b28b064def07f8d4&oe=5EA4561D
155,30 avr 2019 - 17 mai 2019,Inactive,IDÂ : 2458640910821513,ğŸ—“ Venez vivre ce temps fort de campagne Ã©lectorale avec nous ! ğŸ—£ğŸ‘¥,https://scontent-bru2-1.xx.fbcdn.net/v/t1.6435-0/s600x600/56823333_2157487347632184_1357359280721756160_n.jpg?_nc_cat=107&_nc_ohc=_NVKsIvOYzwAX-9zWRH&_nc_ht=scontent-bru2-1.xx&_nc_tp=1002&oh=ce7bdd428a34a42fbdaa7cae6ba6dea3&oe=5E947D9D
156,30 avr 2019 - 4 mai 2019,Inactive,IDÂ : 442198123207562,ğŸ—“ Vivez avec nous ce temps fort de campagne Ã©lectorale ! ğŸ—£ğŸ‘¥,https://scontent-bru2-1.xx.fbcdn.net/v/t1.6435-0/s600x600/56866392_2157490307631888_2361056402941673472_n.jpg?_nc_cat=101&_nc_ohc=V3Sv5X_fu1gAX8bbeLw&_nc_ht=scontent-bru2-1.xx&_nc_tp=1002&oh=9166c10fa57f6e3f5d3782eced9046d4&oe=5E9D8ED4
157,23 avr 2019 - 26 avr 2019,Inactive,IDÂ : 2298190303751721,ğŸ—£ğŸ‘¤ğŸ’¬ Venez dire Ã  nos candidats #CeQuiEstJuste Ã  Charleroi ! â˜‘,https://scontent-bru2-1.xx.fbcdn.net/v/t1.6435-0/s600x600/58902333_2175778022469783_2664203161857687552_n.jpg?_nc_cat=108&_nc_ohc=vGG58m7FJ9YAX_BnyP9&_nc_ht=scontent-bru2-1.xx&_nc_tp=1002&oh=bb8e6d4c30a5378982e096c700a2e45c&oe=5ED5B627
158,23 avr 2019 - 26 avr 2019,Inactive,IDÂ : 396520414530653,ğŸ—£ğŸ‘¤ğŸ’¬ Venez dire Ã  nos candidats #CeQuiEstJuste Ã  LiÃ¨ge ! â˜‘,https://scontent-bru2-1.xx.fbcdn.net/v/t1.6435-0/s600x600/58654701_2175777689136483_8084736302144028672_n.jpg?_nc_cat=106&_nc_ohc=Ed4CB0Ablm4AX8GHhVs&_nc_ht=scontent-bru2-1.xx&_nc_tp=1002&oh=930c112c74bd4bf91e1ad79b55eababf&oe=5E9EA544
159,25 avr 2019 - 25 mai 2019,Inactive,IDÂ : 1497671870367678,"Les programmes de DÃ©FI, c'est #CeQuiEstJuste pour tous ! â˜‘ Le 26 mai, votez pour un avenir Clairement plus juste en matiÃ¨re d'immigration ! ğŸŒ",
160,25 avr 2019 - 25 mai 2019,Inactive,IDÂ : 407104436506870,"Les programmes de DÃ©FI, c'est #CeQuiEstJuste pour tous ! â˜‘ Le 26 mai, votez pour un avenir Clairement plus juste en matiÃ¨re de concurrence ! âœ‹â",
161,25 avr 2019 - 25 mai 2019,Inactive,IDÂ : 833814176974667,"Les programmes de DÃ©FI, c'est #CeQuiEstJuste pour tous ! â˜‘ Le 26 mai, votez pour un avenir Clairement plus juste en matiÃ¨re d'impÃ´ts ! ğŸ’¶",
162,25 avr 2019 - 25 mai 2019,Inactive,IDÂ : 1715786408568240,"Les programmes de DÃ©FI, c'est #CeQuiEstJuste pour tous ! â˜‘ Le 26 mai, votez pour un avenir Clairement plus juste en matiÃ¨re d'aide juridique ! ğŸ‘©â€âš–âš–",
163,25 avr 2019 - 25 mai 2019,Inactive,IDÂ : 668535973586915,"Les programmes de DÃ©FI, c'est #CeQuiEstJuste pour tous ! â˜‘ Le 26 mai, votez pour un avenir Clairement plus juste en matiÃ¨re d'Ã©nergie ! ğŸ¡âœ…",
164,25 avr 2019 - 25 mai 2019,Inactive,IDÂ : 406730686787693,"Les programmes de DÃ©FI, c'est #CeQuiEstJuste pour tous ! â˜‘ Le 26 mai, votez pour un avenir Clairement plus juste en matiÃ¨re de mobilitÃ© ! ğŸšˆğŸšŒğŸš‹",
165,25 avr 2019 - 25 mai 2019,Inactive,IDÂ : 413183775897985,"Les programmes de DÃ©FI, c'est #CeQuiEstJuste pour tous ! â˜‘ Le 26 mai, votez pour un avenir Clairement plus juste en matiÃ¨re d'allocations de chÃ´mage ! ğŸ“‰âŒ",
166,18 avr 2019 - 27 avr 2019,Inactive,IDÂ : 1274970249322606,ğŸ—£ğŸ‘¤ğŸ’¬ Venez dire Ã  nos candidats #CeQuiEstJuste Ã  Bruxelles ! â˜‘,https://scontent-bru2-1.xx.fbcdn.net/v/t1.6435-0/s600x600/56920180_2157573684290217_5466585072419209216_n.jpg?_nc_cat=107&_nc_ohc=GhUiflm8uucAX-tKRhi&_nc_ht=scontent-bru2-1.xx&_nc_tp=1002&oh=ba44e36dca76fe1ae884c01d474634af&oe=5ED311E5
167,18 avr 2019 - 22 avr 2019,Inactive,IDÂ : 293684658191953,ğŸ“ Ã‰lections 2019  ğŸ“ DÃ©couvrez #CeQuiEstJuste pour tous ! â˜‘ â–¶â–¶ http://bit.ly/Programmes2019DÃ©FI,https://scontent-bru2-1.xx.fbcdn.net/v/t1.6435-0/s600x600/57486385_2167574139956838_7572791138357084160_n.png?_nc_cat=100&_nc_ohc=TJJ43MAA2ysAX-ELd-R&_nc_ht=scontent-bru2-1.xx&oh=0f55f1b55769459297b434f0ff805e57&oe=5E8E6EB1
168,25 avr 2019 - 28 avr 2019,Inactive,IDÂ : 427179238049668,"â˜‘ #CeQuiEstJuste, c'est d'encourager la formation des travailleurs tout au long de leur carriÃ¨re ! ğŸ“ğŸ‘” L'intÃ©gralitÃ© du trajet en train d'Olivier Maingain auprÃ¨s des citoyens, c'est Ã  revoir sur DeFI TV ğŸ‘‰ http://bit.ly/YoutubeDÃ©FI",
169,15 avr 2019 - 17 avr 2019,Inactive,IDÂ : 2330881237233877,"â˜‘ #CeQuiEstJuste pour le climat, c'est de ""faire participer le monde des entreprises Ã  la lutte contre le rÃ©chauffement climatique et dâ€™inciter le citoyen Ã  avoir des comportements bÃ©nÃ©fiques Ã  lâ€™environnement. Tout Ã§a doit Ãªtre fait par des mesures rÃ©alistes"" ğŸ“°â–¶ https://www.lacapitale.be/374965/article/2019-04-14/michael-vossaert-defi-notre-ambition-etre-incontournable",https://scontent-bru2-1.xx.fbcdn.net/v/t1.6435-0/s600x600/57125794_2163141000400152_8976202080628768768_n.png?_nc_cat=102&_nc_ohc=3JXsiC0A9oYAX9AAWOm&_nc_ht=scontent-bru2-1.xx&oh=e182be9a8c090ad8b90b3b4411fee162&oe=5ED185DB
170,12 avr 2019 - 14 avr 2019,Inactive,IDÂ : 667454853698560,â˜‘ #CeQuiEstJuste pour l'Ã¢ge de la retraite ? Olivier Maingain l'expliquait hier dans Jeudi en Prime sur la RTBF ğŸ“º IntÃ©gralitÃ© de l'interview ğŸ‘‰ http://bit.ly/190412JEPMaingain,
171,24 avr 2019 - 25 avr 2019,Inactive,IDÂ : 282303449366736,"De tous les ministres de tous les gouvernements de tous les niveaux de pouvoir du pays, Didier Gosuin est le meilleur ministre de Belgique selon Le Soir, De Standaard et BRUZZ  Avec un rÃ©sultat impressionnant de 77% ğŸ‘ğŸ˜€ ğŸ‘‰ http://bit.ly/77Gosuin",https://scontent-bru2-1.xx.fbcdn.net/v/t1.6435-0/s600x600/58864962_2177272762320309_1607880917756411904_n.png?_nc_cat=107&_nc_ohc=P5JqYIMYpoAAX_8mswj&_nc_ht=scontent-bru2-1.xx&oh=094d984dd863e9df470f95c018ec6129&oe=5EA4BC9A
